company,ema_date,ema5,ema13,ema26,action,ratioCB,ratioCA,ratioBA
3MINDIA,19-09-2020,18927.072886127702,19240.746206366945,19690.76628727228,sell,2.311855112122145,3.9551327443023294,1.6436533587580509
AARTIIND,19-09-2020,1081.2411448115079,1070.3897270726,1059.8732561195754,sell,0.9873401580931285,1.995959551030099,1.0086690873147497
AAVAS,19-09-2020,1390.223447806875,1392.6343149681863,1395.0451751200476,buy,0.17296537571361445,0.3462306847880069,0.17326556847859384
ABB,19-09-2020,908.3916549277192,918.3155089534072,924.618085561977,sell,0.6839721873133576,1.7704685660778676,1.0865292721142248
ABBOTINDIA,19-09-2020,16553.340836054325,16588.779857319438,16531.60783604824,buy,0.34523763308874267,0.13137696069277519,0.21386091489430764
ABCAPITAL,19-09-2020,70.57043179047841,69.43212095950541,67.00173580818401,sell,3.5627302619755192,5.188107514167129,1.626128679247428
ABFRL,19-09-2020,134.64324297153166,135.64365260997465,135.21088927477143,buy,0.3195540545060298,0.4207060299685633,0.7402575964999459
ACC,19-09-2020,1398.2454949695814,1375.1737696465993,1371.7055614923963,sell,0.2525198770027453,1.9162745432104615,1.6637747936156337
ADANIGAS,19-09-2020,199.6650548274295,196.41884637474868,187.42040927350428,sell,4.68864868240079,6.326585051373761,1.6391519285828284
ADANIGREEN,19-09-2020,654.852146420335,602.8970634774385,536.9620352396221,sell,11.568978711847432,19.78330397386541,8.261596593985425
ADANIPORTS,19-09-2020,352.03010347166276,350.7085489427353,348.15718377052843,sell,0.7301445908075967,1.106252504637291,0.3761155087704293
ADANIPOWER,19-09-2020,37.25322725389602,37.49102979825056,37.53086981621802,buy,0.10620903542085294,0.7425176560243714,0.6363098751215894
ADANITRANS,19-09-2020,263.57419279562646,265.8808803519332,263.3205510330616,buy,0.9676199522631117,0.09627796273760143,0.8713440188961366
ADVENZYMES,19-09-2020,243.0035343603114,235.6579037197796,227.44322495980884,sell,3.5476824612337943,6.615120241444528,3.0692385290091835
AEGISCHEM,19-09-2020,237.54373464419373,225.50690758489566,215.6230331944635,sell,4.481162340951057,9.674452323271312,5.198924679751544
AFFLE,19-09-2020,3004.1452289810622,2881.7317470834405,2671.349913832888,sell,7.577120096441617,11.727446038590813,4.159566446781956
AIAENG,19-09-2020,1816.099783360528,1800.2012849244568,1776.690272141423,sell,1.3146058474481557,2.1938109719911765,0.8792685197314569
AJANTPHARM,19-09-2020,1555.2354997267773,1539.6330809341637,1545.8439177632981,sell,0.40258519715145274,0.6056976103553315,1.0082766609289502
AKZOINDIA,19-09-2020,2128.5803196888687,2106.6665148148613,2075.1630540222104,sell,1.5066831526284192,2.5414142071903574,1.034830116416351
ALKEM,19-09-2020,2860.3069561966126,2856.1000428797315,2829.0838525984827,sell,0.9504069095367862,1.0975903975470573,0.1471873264993511
ALKYLAMINE,19-09-2020,3321.617293477435,3274.1385401180187,3143.7345405531014,sell,4.063776205162377,5.50264726470239,1.4396758933247176
ALLCARGO,19-09-2020,120.70812405340514,119.34956870433402,115.35201539756649,sell,3.406498786162354,4.537918742483067,1.131857374337217
AMARAJABAT,19-09-2020,766.5078118330416,756.2967668674528,745.862099224484,sell,1.3892894924111325,2.7302464109618585,1.3410840902911596
AMBER,19-09-2020,1993.4736700113958,1927.921794889151,1854.4906680791353,sell,3.8827667542312345,7.223715695932248,3.3432932591973277
AMBUJACEM,19-09-2020,217.9087522397602,216.0356933301212,215.62137901208087,sell,0.19196456844422397,1.0552314880972238,0.8632712914111268
APLAPOLLO,19-09-2020,2690.3462076750984,2579.6345273590405,2442.9703872730493,sell,5.44196258351338,9.638050403729206,4.201597154997598
APLLTD,19-09-2020,953.1594654459208,947.0074032039975,957.0932154982581,sell,1.0593780806746114,0.4118565142275344,0.6475286295560347
APOLLOHOSP,19-09-2020,1740.663946458872,1693.0191229171994,1670.24496297642,sell,1.3542891286057446,4.129045093386002,2.775143924411759
APOLLOTYRE,19-09-2020,128.76451358929762,125.42040974742658,123.90080422318263,sell,1.2189941642295057,3.849922425621289,2.6312369734384604
ARVINDFASN,19-09-2020,135.24173417646654,138.18893984115763,140.00531056334734,sell,1.3058290885225925,3.4613097418602434,2.1557242436531703
ASAHIINDIA,19-09-2020,225.85746851477563,222.11478909221762,215.1790860472921,sell,3.1721016182597284,4.842402452597955,1.6709425010159762
ASHOKA,19-09-2020,70.90419828422387,70.43227471329601,69.15360639418093,sell,1.8320883300948583,2.499813407846254,0.667801539007044
ASHOKLEY,19-09-2020,77.23457343613033,73.43781911851613,69.32518017188853,sell,5.761491376714185,10.793404150222377,5.03974783069457
ASIANPAINT,19-09-2020,2018.246243866597,1998.393120827897,1952.9829341864033,sell,2.298449249540203,3.2868065152659254,0.9885439660431169
ASTERDM,19-09-2020,136.6103906864155,132.6047297450018,131.79770404253298,sell,0.6104525521253863,3.5860964988724446,2.975806808320897
ASTRAL,19-09-2020,1165.9142086152394,1179.1220021966753,1154.7491862633922,sell,2.088617062826403,0.9622267819182089,1.1264468770708673
ASTRAZEN,19-09-2020,4260.790141785129,4104.04458532134,3894.36515597762,sell,5.243027954946136,8.986339865484414,3.7477263228130804
ATUL,19-09-2020,6682.800992569405,6443.711883938658,6123.062857137104,sell,5.103123648003011,8.741903584194812,3.6428427089518127
AUBANK,19-09-2020,707.0377241856822,695.4690879647399,694.6135197865441,sell,0.12309601939122271,1.7727954015049314,1.6497083822651148
AUROPHARMA,19-09-2020,818.5280818229611,818.6109803327415,827.3369588053461,sell,1.0602982348486623,1.0704251885710119,0.01012724107520397
AVANTIFEED,19-09-2020,520.8189575020449,513.6004776641321,506.98216090262906,sell,1.2969683220943973,2.6925046785107503,1.3956582006317733
AXISBANK,19-09-2020,444.75459556067904,449.6062109706973,450.7821681387634,sell,0.26121109409012383,1.346136266518993,1.0849347097027697
BAJAJ-AUTO,19-09-2020,3006.4120416969345,2975.613846251575,2973.7611600603345,sell,0.06228170822229071,1.0919711030110466,1.029691145516637
BAJAJCON,19-09-2020,185.98019950614366,179.94947288984156,177.16695846320616,sell,1.5583233827090914,4.8538124831924785,3.2961123796356393
BAJAJELEC,19-09-2020,496.11148485927725,489.2341741961011,479.98555702573583,sell,1.9084665473547653,3.3041648814751974,1.3959183967521072
BAJAJFINSV,19-09-2020,6025.947474387009,6133.142123862016,6201.92357368105,sell,1.115218216190511,2.878278624337379,1.763201901077263
BAJAJHLDNG,19-09-2020,2524.94386416185,2537.0944912431205,2573.7124132662434,sell,1.432960497521994,1.9129961484281013,0.4800685505789118
BAJFINANCE,19-09-2020,3488.3538726309425,3504.6157031122166,3479.5236919921153,buy,0.7185426779336611,0.2534539551515462,0.46509084031145276
BALKRISIND,19-09-2020,1369.4744011716307,1344.1478538740703,1333.6182215253423,sell,0.7864490065404547,2.6529745481317177,1.8666229060045705
BALMLAWRIE,19-09-2020,115.41718902661032,116.62313518114684,116.43720680010988,sell,0.15955385584383275,0.87987788185986,1.0394280896252983
BALRAMCHIN,19-09-2020,156.63494876633052,153.80270768013528,150.55571080351154,sell,2.1336665453846817,3.9579575572588785,1.8246762448959877
BANDHANBNK,19-09-2020,303.05786221465064,304.7434481455294,306.3063933032461,sell,0.5115606131280741,1.0662033616771855,0.5546503115894484
BANKBARODA,19-09-2020,45.692761109925144,46.17575485633544,46.72250606931446,sell,1.1770967670032302,2.2285169773780487,1.0514891665120119
BANKINDIA,19-09-2020,45.68168513174595,47.017539952176335,47.717758697192004,sell,1.47826365673327,4.359926530558667,2.882127265294852
BASF,19-09-2020,1516.9671764593563,1503.8883223973803,1475.272497576093,sell,1.9210661357678658,2.786854224617128,0.8659039842803338
BATAINDIA,19-09-2020,1327.0724661635168,1318.3233503124222,1309.4496664400526,sell,0.6753767403652028,1.3368216792522505,0.6614598689998425
BAYERCROP,19-09-2020,6093.8808769045345,5986.865007935006,5939.627737834976,sell,0.7921401724205003,2.563726740189775,1.7716765171565323
BBTC,19-09-2020,1402.8053326002407,1393.1541744625779,1383.7711444997926,sell,0.6757855458850678,1.3661342695504852,0.6903646575197696
BDL,19-09-2020,317.9454065186171,338.49212858472345,361.991001374122,sell,6.709332968740917,12.955798320025577,6.26006922741605
BEL,19-09-2020,103.92753411228,104.84404991017267,105.21228251075253,sell,0.35060366553669897,1.2286023954857395,0.8780081850546321
BEML,19-09-2020,641.9838437468327,649.9634257117965,660.3941720936722,sell,1.5920457742748468,2.8271865960449545,1.23527982195551
BERGEPAINT,19-09-2020,577.9101985773502,570.8688276747579,561.9528853667632,sell,1.5741121847066637,2.7998649022603828,1.2258877889797177
BHARATFORG,19-09-2020,477.59314672613993,478.1374384345485,471.21163808170024,sell,1.4590629567499758,1.3451678884043838,0.11390065712233764
BHARATRAS,19-09-2020,9758.180822885499,9607.385727068264,9572.92482556915,sell,0.3593362203864432,1.9166621991035397,1.5573527934569522
BHARTIARTL,19-09-2020,487.9799145344154,498.12757956887117,511.9126213822021,sell,2.729602604005394,4.787055806121641,2.0581255279240147
BHEL,19-09-2020,35.50642545456055,36.65168767610878,37.26789758139835,sell,1.6672439466291287,4.840916557801387,3.1743131073128326
BIOCON,19-09-2020,442.53568718493,430.30690727246315,419.9481430792321,sell,2.4366251488765114,5.237789582392459,2.8020584673847013
BIRLACORPN,19-09-2020,697.0960655586827,660.2906377856445,637.3208202938184,sell,3.5403228522384853,8.959006124488063,5.422983396309534
BLISSGVS,19-09-2020,153.04133564371213,151.34512023657894,145.8656578228104,sell,3.687256868372133,4.801277974585371,1.114514377604424
BLUEDART,19-09-2020,2795.754240261279,2663.2812150057835,2472.726733219551,sell,7.420334380599057,12.26264301485394,4.8533491434894795
BLUESTARCO,19-09-2020,649.5117168826562,636.8733260868313,611.6748134639323,sell,4.036450309711821,6.000207345748587,1.9649467886614183
BOMDYEING,19-09-2020,68.13717387255977,67.81301601780383,67.94084614716722,buy,0.18832632431193275,0.28855170785713735,0.4768773843087002
BOSCHLTD,19-09-2020,13020.936376847756,13062.896253338786,13157.328350293843,sell,0.7202996799804247,1.0420245563845634,0.3217309134430651
BPCL,19-09-2020,414.54893774543274,414.3598237584395,413.6173986994825,buy,0.17933465772235702,0.2249642384521572,0.045629626751710214
BRIGADE,19-09-2020,170.86452096640875,168.6777794600878,164.66844700361787,sell,2.4055064303579066,3.693272825187405,1.2880524774522597
BRITANNIA,19-09-2020,3790.2836205795966,3777.8651238043035,3782.3924453099517,buy,0.11976632976483557,0.20841180055726988,0.328177925533202
BSE,19-09-2020,569.2858273583962,550.7612263816611,532.7324503364107,sell,3.327896864125689,6.63389668970783,3.3078254908805484
BSOFT,19-09-2020,189.58052258219658,179.81038553871866,169.07645740692692,sell,6.153243292963055,11.433802390178748,5.2898633012807075
CADILAHC,19-09-2020,391.5909924984462,383.5311219756379,382.1941844401833,sell,0.34919507668161726,2.42878988595777,2.079638903936284
CANBK,19-09-2020,99.71413779367333,101.14395375786691,102.17683419001891,sell,1.0160106525032166,2.439630036101369,1.4237076068470844
CANFINHOME,19-09-2020,424.6860382012213,407.9027208609761,394.7006652855221,sell,3.2898080928465525,7.31897961929384,4.031598350943252
CAPLIPOINT,19-09-2020,575.4034666758268,556.8198809149062,537.5962395385268,sell,3.5130406098943014,6.793753300419782,3.282671356400625
CARBORUNIV,19-09-2020,273.01993440872616,267.75467876166255,263.8340434943771,sell,1.4750633725435054,3.4221189718024245,1.9473013410134403
CARERATING,19-09-2020,391.1373364981516,396.8985404189318,402.7209985929646,sell,1.4563071285695874,2.918319700827584,1.4621679264956562
CASTROLIND,19-09-2020,119.04151981366802,119.5513189904747,119.91752565922226,buy,0.3058491130929914,0.7331849219774594,0.4273382045847294
CCL,19-09-2020,272.1257747843083,265.0476419763231,261.1770961291864,sell,1.4710619120915103,4.105989017598167,2.6353250503977397
CDSL,19-09-2020,472.7637465806592,458.5145525920782,432.0008316994105,sell,5.954691263141398,9.010722979172712,3.0601365888668686
CEATLTD,19-09-2020,945.7348269202566,923.7182763945596,909.4141226873727,sell,1.560624176884403,3.9156644797244877,2.355400142069196
CENTRALBK,19-09-2020,16.201274090942775,16.596645658641634,16.94026208832994,sell,2.049183736800159,4.459588073345508,2.4109551503117466
CENTURYPLY,19-09-2020,180.1746062396416,170.70078355364095,160.33200053678155,sell,6.264505218327339,11.654755184171051,5.400106682650009
CENTURYTEX,19-09-2020,364.05329472483703,354.2498295625054,344.1620431876913,sell,2.888778604261272,5.617289113160233,2.729617853760012
CERA,19-09-2020,2478.6279319935816,2481.8584045178213,2452.8174083619965,sell,1.1770173870399336,1.046773181094369,0.13024821781937113
CESC,19-09-2020,661.7056778296045,643.7043349280877,629.0897797757139,sell,2.2964523458336266,5.05361215236992,2.7579599858421076
CGCL,19-09-2020,225.0659374920771,221.98161093818595,215.89474759993016,sell,2.780174457729235,4.159640622035661,1.3798651014735552
CHAMBLFERT,19-09-2020,152.052490618099,149.1336369063752,149.55428907551686,sell,0.2816666711644564,1.6565950839168204,1.9382391451522805
CHENNPETRO,19-09-2020,77.37463943045753,78.13079165459678,79.08645906375298,sell,1.2157284328400537,2.188172842668352,0.972509087127204
CHOLAFIN,19-09-2020,236.7137906135444,233.47182986734225,229.73064481200964,sell,1.6153562469295581,2.994202640734168,1.3790131407619008
CHOLAHLDNG,19-09-2020,431.30412409434666,424.6825569749185,411.7461755278693,sell,3.0932417657008413,4.639805851499392,1.5471191937605293
CIPLA,19-09-2020,763.567571849708,746.6058429982122,738.4824472675379,sell,1.0939949878967419,3.3401184065644687,2.2463286248756895
COALINDIA,19-09-2020,124.51933285231,127.4675701190246,129.95709288211185,sell,1.9341757965718,4.2736846952391865,2.3399924614732726
COCHINSHIP,19-09-2020,342.8732787390004,339.3832397299544,338.10106710265774,sell,0.3785099121457519,1.401583382834897,1.023087039718707
COLPAL,19-09-2020,1395.3875380023785,1396.466435482348,1399.4956153359362,buy,0.21668247268961577,0.29397131172735336,0.07728896211737757
CONCOR,19-09-2020,387.4238124608349,387.96348789658964,393.5221246263084,sell,1.4225819748040245,1.561775758311693,0.13920151529590158
COROMANDEL,19-09-2020,802.502717357654,782.1279133165397,774.4830087200374,sell,0.9822498979385391,3.553577965135763,2.571552467396859
CREDITACC,19-09-2020,720.0136243386784,701.5621727089034,671.7224526431319,sell,4.345744431256886,6.93970250455434,2.5959152748796237
CRISIL,19-09-2020,1769.8997589848611,1783.3525822780923,1778.0986201815474,buy,0.29504613697452176,0.4621682605510414,0.7572118161723105
CROMPTON,19-09-2020,275.2264603919155,268.58381580251995,263.8513548082748,sell,1.7776665612890394,4.220209128589907,2.443000759706324
CSBBANK,19-09-2020,224.7729661455341,224.0506861352876,218.87979798860658,sell,2.3348531347572132,2.6566579240992563,0.3218547002039786
CUB,19-09-2020,142.53303121409542,139.9544355297671,136.33957227108166,sell,2.616678723840443,4.441783714579158,1.8256354620266313
CUMMINSIND,19-09-2020,480.2694984735307,472.7447013324725,461.93779483869537,sell,2.312422996696,3.891225161374465,1.5791574023954584
CYIENT,19-09-2020,413.39552943981516,401.2213846395243,387.1541292667991,sell,3.568668768775761,6.555845696171368,2.9889251229333524
DABUR,19-09-2020,505.2400727127202,500.19784783348837,496.6357327037385,sell,0.7146860216787924,1.717646032065831,1.0029907916129919
DALBHARAT,19-09-2020,764.05829209033,750.4217894736736,747.0759086979317,sell,0.44686289399003204,2.247634046471811,1.8008163702719733
DBCORP,19-09-2020,77.98889028631413,77.76374265313986,77.67028162279698,buy,0.12025813624559001,0.4093670287584313,0.2891092483319954
DBL,19-09-2020,369.22551827696145,370.7860871708832,365.1648687005272,sell,1.5276068127936926,1.1058558631592494,0.42176876212024267
DCAL,19-09-2020,169.6436892474661,173.30476518576975,176.28177687124295,sell,1.7031614935495383,3.837871607578546,2.135059010167586
DCBBANK,19-09-2020,91.78059932367414,90.16037770797735,88.30878748687608,sell,2.0749693305055663,3.855654015247792,1.781040909123984
DCMSHRIRAM,19-09-2020,373.7578881408514,364.821256094748,360.23058317368793,sell,1.2663019862667895,3.685972054284904,2.4199524494703852
DEEPAKNTR,19-09-2020,833.8986513809398,788.189030899517,739.3574638566104,sell,6.39346392539136,12.01853742803401,5.63590007873812
DELTACORP,19-09-2020,110.87500199107168,110.17499395276563,109.0575188968252,sell,1.0194428202418127,1.6527642996215952,0.6333481575669468
DHANUKA,19-09-2020,795.2284027857097,780.4432984122683,782.9641301756155,sell,0.3224791845365781,1.5542175436708536,1.876673213360416
DISHTV,19-09-2020,14.477986508519407,13.558122566810187,12.148311333088254,sell,10.96854771231029,17.499054425739057,6.561994314101565
DIVISLAB,19-09-2020,3248.6343303270223,3210.909894846664,3133.1130485900635,sell,2.4526029287799465,3.6203652347191957,1.1680215868277923
DIXON,19-09-2020,9623.916585767252,9324.761358072665,8840.7849044514,sell,5.328509769284711,8.482473239339416,3.1575313969789742
DLF,19-09-2020,158.54886686529773,157.07166024025824,155.5736437419005,sell,0.9582849825521303,1.8943074901866328,0.9360649882860435
DMART,19-09-2020,2156.719382646059,2193.4786931889957,2209.318699577932,sell,0.7195428258842318,2.409475865363035,1.6900062894667451
DRREDDY,19-09-2020,4840.592323741521,4609.263840000183,4507.1987687305955,sell,2.239137605233872,7.133098112973686,4.895915445336095
ECLERX,19-09-2020,766.2707732127717,747.6951906809998,711.2566365856069,sell,4.995168917079556,7.446783898874941,2.4538969798234262
EDELWEISS,19-09-2020,71.25544350610828,73.77747778725538,74.84725674334436,sell,1.4395705525969895,4.916833475498394,3.477878344663119
EICHERMOT,19-09-2020,2154.534431310004,2161.6115084862167,2150.255695448861,buy,0.5267236907014348,0.19878952214400394,0.32793502698598875
EIDPARRY,19-09-2020,307.156961589442,301.8004634948114,296.408077769426,sell,1.8028447785079542,3.56179802310417,1.7592356621284233
EIHOTEL,19-09-2020,86.73609669832712,86.2181479954356,83.80882682280239,sell,2.834045803860031,3.432843165410383,0.5989430369964144
ELGIEQUIP,19-09-2020,236.5378464952761,229.93480574604143,220.9223406038447,sell,3.997924937049856,6.827044771023057,2.831051602921737
EMAMILTD,19-09-2020,379.339429411188,373.711848164757,355.53172058725505,sell,4.986023423864929,6.4794239980664345,1.4946077150406216
ENDURANCE,19-09-2020,1129.1984586570404,1105.765042957219,1072.4576927058652,sell,3.0582134421817653,5.154371259658385,2.096984195303053
ENGINERSIN,19-09-2020,68.64997272565873,67.97461615867562,68.065890777537,buy,0.1341874136123121,0.854446489463994,0.9886310692650869
EQUITAS,19-09-2020,54.547922950655774,54.09982871496853,53.87975430597234,sell,0.407622261244536,1.2324687968773926,0.8248568954584607
ERIS,19-09-2020,527.8084410525933,514.7655608773731,509.9558949271985,sell,0.9387265042475788,3.440578078555663,2.5020536002385922
ESABINDIA,19-09-2020,1389.2375398436543,1396.8743221425277,1400.0380269713537,buy,0.2262283857288778,0.7744295512567199,0.5482035666313307
ESCORTS,19-09-2020,1234.7559547317414,1208.1422308794442,1180.4081004291884,sell,2.322256314779932,4.5005517688471635,2.1788647606399314
ESSELPACK,19-09-2020,271.280471745153,276.28708485127095,272.25761090926665,sell,1.469150635543957,0.3595476362361481,1.8286741227833445
EXIDEIND,19-09-2020,164.97699457908976,163.5542830239036,163.3227683407957,sell,0.1416524544267174,1.007753538157587,0.8661041746566452
FCONSUMER,19-09-2020,9.798814894815337,10.203584293626228,10.553870232513319,sell,3.3750375167242255,7.419712268668946,4.047208487317749
FDC,19-09-2020,350.6290756440526,339.8869589823112,330.2229159203855,sell,2.8843159678340786,5.9943012509307705,3.111330113443026
FEDERALBNK,19-09-2020,52.67203477558229,53.21871729861296,53.68094218075677,sell,0.864782702573563,1.897280986480836,1.0325406370664365
FINCABLES,19-09-2020,289.92885156861706,287.5457840374827,285.92902513067247,sell,0.5638465302967302,1.3891713909935048,0.8253410225137169
FINEORG,19-09-2020,2940.294114324879,2841.492437241291,2685.640716168903,sell,5.639513894331598,9.052838535409247,3.417686772156075
FINPIPE,19-09-2020,534.5318575392048,521.93387626451,506.8241346725015,sell,2.937472453457986,5.321469905378979,2.384929462754432
FLUOROCHEM,19-09-2020,528.7656227696774,526.4684725089292,511.46603006832606,sell,2.890826425627263,3.3261038835251497,0.4353821149309532
FORTIS,19-09-2020,133.31199116696445,133.74743558623916,134.12955142104218,buy,0.2852920208428581,0.6113936123507812,0.32610301352673976
FRETAIL,19-09-2020,101.70572416372947,106.73707841181134,110.4153676381744,sell,3.3877483705768316,8.211954219600862,4.827563423552107
FSL,19-09-2020,71.86806727228628,67.99223974678638,63.69488821948619,sell,6.5266083233295555,12.058130516778439,5.542426737231968
GAIL,19-09-2020,91.79825208153457,93.22204459653709,94.93458825926011,sell,1.820338339106558,3.359169358749756,1.5390662976612377
GALAXYSURF,19-09-2020,1931.4818952782232,1875.199826392628,1828.3875978204233,sell,2.5279397087353233,5.483929569738131,2.9570146915719313
GARFIBRES,19-09-2020,1986.9362061308889,1961.1790771684516,1912.8032051671585,sell,2.497475128984199,3.8019463941081577,1.3047809962080277
GEPIL,19-09-2020,472.41373490424473,473.1477242625386,477.1246656911669,buy,0.8370108340877014,0.9922570343586252,0.15524942375308662
GESHIP,19-09-2020,256.8974885380868,258.5132329148241,257.4686243689823,buy,0.4049012697232051,0.22207366176111282,0.6269735220806371
GET&D,19-09-2020,100.02396207934932,101.43247583927744,100.99824397828272,sell,0.4290177512445524,0.9693276360265161,1.3983308495676474
GHCL,19-09-2020,166.3006352052803,164.57261818659805,161.62045808330055,sell,1.8100691388402286,2.854453231443112,1.0445190120191525
GICRE,19-09-2020,132.52022930560898,136.79353929782312,140.5432845128605,sell,2.70410915039328,5.876328986658538,3.1734805200447367
GILLETTE,19-09-2020,5552.933977759874,5515.890956942843,5425.76622892853,sell,1.647368885413239,2.31662667596792,0.6693216495076111
GLAXO,19-09-2020,1726.836347337736,1681.617396472374,1626.4190407081435,sell,3.3372277973622753,5.989242989816594,2.653341031691074
GLENMARK,19-09-2020,496.3537431479826,487.5900483401105,479.7662288705561,sell,1.617567312865135,3.3986630235881354,1.7813405366617674
GMDCLTD,19-09-2020,45.73934668336247,46.06756661936034,45.91378916488518,buy,0.3343665749738822,0.3806579663821635,0.7150222661676995
GMMPFAUDLR,19-09-2020,5555.306785730795,5637.244981637011,5559.0487544815915,sell,1.3968234310102605,0.06733577556085318,1.4641557637483307
GMRINFRA,19-09-2020,23.797380302421917,23.679892679795095,23.350785385792914,sell,1.3995430537625466,1.8944317773984327,0.494921528752621
GNFC,19-09-2020,215.42112317653545,211.02796242000102,203.18556858793266,sell,3.786642996903036,5.845847584054963,2.0603447890568574
GODFRYPHLP,19-09-2020,942.0990824144287,939.9434484273479,942.5237829399958,buy,0.2741438968659967,0.0450700809561969,0.2290738866689345
GODREJAGRO,19-09-2020,519.8123922388867,506.0712996074589,494.8932598791977,sell,2.2334536467492683,4.911598217211682,2.6788792415048683
GODREJCP,19-09-2020,704.3718198749945,690.6567392943682,684.7151389040897,sell,0.8639991095442707,2.830158450005415,1.9662795418027248
GODREJIND,19-09-2020,412.04299553087344,416.79831216163626,413.1873133385563,sell,0.8701352679219695,0.277332956723457,1.1474613020920976
GODREJPROP,19-09-2020,904.1677267922648,898.7146485594615,894.3441896774337,sell,0.4874863879341704,1.0924072312085336,0.6049288968992796
GPPL,19-09-2020,85.12412976101983,83.04373606878703,81.81141647333918,sell,1.4950331566166213,3.9688530842076846,2.4741869464386874
GRANULES,19-09-2020,364.5180257946647,355.1037576415905,338.57463590315933,sell,4.765644106043462,7.379792537972856,2.616448909625907
GRAPHITE,19-09-2020,183.53646222456877,185.05761625397943,185.8942336124146,sell,0.45106520360337987,1.2764350198372496,0.8253816966835491
GRASIM,19-09-2020,726.7304663061084,710.7197072627229,690.8007577808891,sell,2.8424771494455454,5.069335745794369,2.2276610817938525
GREAVESCOT,19-09-2020,78.50536572201239,78.92434998857429,80.07482998071262,sell,1.447152107778873,1.9793950332138062,0.5322810432207766
GRINDWELL,19-09-2020,551.3903165925678,542.5588441873703,533.1058614277233,sell,1.7576076839374357,3.3719722642494045,1.6146038082612784
GRSE,19-09-2020,185.2425765452141,189.96395965703613,195.9009212309873,sell,3.077223073676956,5.59282514221536,2.516684895530197
GSFC,19-09-2020,61.91912318150953,63.14153330500316,63.373075264585964,sell,0.36603197401578635,2.3208980305377347,1.9549075749901512
GSPL,19-09-2020,208.75125408712813,206.44208095702984,206.3447885700495,sell,0.04713928381094489,1.159474082997268,1.112336319104301
GUJALKALI,19-09-2020,346.2173585897998,345.08807386588256,342.77630460466617,buy,0.6721584468021344,0.9988637541830078,0.32671079117829227
GUJGASLTD,19-09-2020,307.2531483241443,305.4712824267483,306.4477311751592,buy,0.31914313061243077,0.2624787338229696,0.581620646401301
GULFOILLUB,19-09-2020,659.8931097453255,656.9310975031519,652.9422693483896,sell,0.6090402714806011,1.0589051007650818,0.4498720825253934
HAL,19-09-2020,842.1159800899239,880.2603850132923,928.3800808411281,sell,5.321090259373753,9.744624984462313,4.429276399305735
HATHWAY,19-09-2020,33.188691800661026,33.83875960379989,34.93402053371053,sell,3.1851582202164135,5.124072936153167,1.93970616372146
HATSUN,19-09-2020,836.298582189763,813.7466921300845,786.6595266356999,sell,3.385036271012988,6.117108665236836,2.7334874273646146
HAVELLS,19-09-2020,672.6388997808335,659.1084983310583,644.418515568474,sell,2.253882367752211,4.2853688659996525,2.031977155571425
HCLTECH,19-09-2020,792.0400828410521,759.7943330297633,733.6623877971354,sell,3.499524943469289,7.652566102157247,4.155823518476885
HDFC,19-09-2020,1746.3961360946064,1768.2725619172718,1786.2312739055074,sell,1.0104764444052747,2.2552697008541687,1.2448641793771402
HDFCAMC,19-09-2020,2277.9401673087955,2339.055761128268,2375.993008241044,sell,1.5667811265382532,4.21376230528554,2.6474181379735886
HDFCBANK,19-09-2020,1074.8735206535184,1086.0368947191641,1087.2016238673089,sell,0.10718834018295272,1.1403954432418824,1.033210260474441
HDFCLIFE,19-09-2020,591.7353078030973,592.120376252021,592.8268121726186,buy,0.11923500515442079,0.18428824476401348,0.06505327534597492
HEG,19-09-2020,765.3332524007235,781.0565509359221,793.8985111968254,sell,1.63077164163823,3.664017045188271,2.03354917385933
HEIDELBERG,19-09-2020,187.8686043730873,187.24197657181577,187.02555493329783,buy,0.11565076866144665,0.4497533070929916,0.3341029728849824
HERITGFOOD,19-09-2020,349.1632890108776,347.25334240691086,340.7350260258294,sell,1.8948914487988708,2.4433348513395665,0.5485068902155259
HEROMOTOCO,19-09-2020,3057.562343444398,3008.57360473605,2957.76206120533,sell,1.703274719214204,3.318201165075121,1.615154659467926
HEXAWARE,19-09-2020,450.0842422765769,434.26516884339736,419.80332118837305,sell,3.38657796741485,6.962031039411211,3.5775618175955253
HFCL,19-09-2020,15.364403873684218,15.79319871247572,15.74994992475836,sell,0.2742198517639951,2.478252022019756,2.752425111051199
HIMATSEIDE,19-09-2020,86.22886931110017,82.67061572018028,80.41156726411488,sell,2.77044176712173,6.981861265539332,4.213457004041066
HINDALCO,19-09-2020,179.0396403132936,181.63564897049284,182.08799374875494,sell,0.2487299285140281,1.6882415788416638,1.4395267623430912
HINDCOPPER,19-09-2020,36.67807021421133,36.69768481106022,36.86210215935774,buy,0.4470305178116937,0.5004936464156313,0.053463427646185585
HINDPETRO,19-09-2020,196.0474354474178,198.46958651685773,202.54649989298898,sell,2.033291687937204,3.2609951478668906,1.2279070025319547
HINDUNILVR,19-09-2020,2122.2448491323044,2135.950186487266,2152.452813955081,sell,0.7696397687490206,1.4133380745790212,0.6437158110568987
HINDZINC,19-09-2020,217.9080822131009,221.06171766652858,221.67012511962605,sell,0.2748424189544185,1.7116603342792993,1.4368348138265754
HONAUT,19-09-2020,33385.76443059259,33106.480271188215,32519.432850114852,sell,1.7890720087605128,2.629023555722954,0.8400503266417731
HSCL,19-09-2020,53.080253317427704,53.08441872556144,52.473357994757535,sell,1.157774916807778,1.1499281078602164,0.007847070129035598
HUDCO,19-09-2020,34.10542203406078,35.11513859050924,35.47021522396921,sell,1.006091531093635,3.923192783263848,2.917389132182377
IBREALEST,19-09-2020,60.155669131376385,61.21873164297084,61.870779508184974,sell,1.0594694204503121,2.8110469425765863,1.7517079463417355
IBULHSGFIN,19-09-2020,184.49911052860202,191.9415240631502,197.37895402084922,sell,2.7932925514007176,6.74552674683902,3.9540967954320076
IBVENTURES,19-09-2020,223.17781256406352,214.10098509769978,198.1823544938618,sell,7.722179906473134,11.864177026854815,4.151505865319679
ICICIBANK,19-09-2020,370.399940993562,373.04497386100746,373.2488803606601,buy,0.054645096833955985,0.7662055758819233,0.7115612238636115
ICICIGI,19-09-2020,1293.726154633472,1287.4947992878906,1289.460036091885,buy,0.15252396177171132,0.3302989584648658,0.4828223121399118
ICICIPRULI,19-09-2020,428.09768001211296,432.9712612875233,437.49380477312275,sell,1.0391097039807804,2.1710298509558665,1.1319839891227543
ICRA,19-09-2020,2764.7044250348445,2753.766676300674,2721.716671937623,sell,1.1706730648121961,1.5670599225766069,0.396405038037557
IDBI,19-09-2020,37.492076069647695,38.09415564884431,38.70916538719749,sell,1.6015186063752949,3.194408107482246,1.5930932539115186
IDEA,19-09-2020,11.35935480243845,11.120072340484448,10.540589088304245,sell,5.35055916076529,7.477331615267789,2.1289017770128877
IDFC,19-09-2020,31.916897519418416,30.51104065226443,28.730228575501346,sell,6.012065912755412,10.508886897392514,4.5039349635022194
IDFCFIRSTB,19-09-2020,31.49596266465006,31.369361101425966,30.929762726923816,sell,1.411250584240503,1.813995541660685,0.402770734770044
IEX,19-09-2020,205.30461133011408,199.80689358088745,195.1981762329787,sell,2.333497820714277,5.04687378513852,2.7141750765308057
IFBIND,19-09-2020,626.6522373794727,579.60566755208,529.7805468388951,sell,8.982466172168477,16.75353584965218,7.800416417592264
IFCI,19-09-2020,6.710011548645495,6.830040147377952,6.88494086930276,sell,0.8005949386008688,2.5734451328615258,1.7729415134760225
IGL,19-09-2020,414.82941395248656,408.31894691356365,405.9359873429862,sell,0.5853104403360322,2.167105629809254,1.581845350957906
IIFL,19-09-2020,87.68670780782183,86.82825344664006,84.12334821278783,sell,3.1645275125774828,4.148022156056516,0.9838174962317993
IIFLWAM,19-09-2020,981.8298057944063,995.3843630520556,1012.4961041665067,sell,1.7044581481640997,3.075354757107021,1.371076282096164
INDHOTEL,19-09-2020,100.73132305930346,100.90961119841212,98.77837238618761,sell,2.134568914930817,1.9577501421723387,0.17683724762035716
INDIACEM,19-09-2020,123.78417537399696,120.55617723378789,118.9530918146882,sell,1.338641652966874,3.980504201321057,2.642214522290266
INDIAMART,19-09-2020,4978.965010102846,4676.741234035602,4200.990295695138,sell,10.717849188099821,16.9494227039721,6.2600035341943014
INDIANB,19-09-2020,61.705444117384964,62.34462766084407,62.572558246862535,sell,0.36493070887278856,1.39544265756081,1.0305250682995284
INDIGO,19-09-2020,1314.6281458657363,1281.1755846504986,1225.2787129632045,sell,4.460234662208792,7.035646412934024,2.5774337883846754
INDOCO,19-09-2020,266.5255292483712,250.33076424047536,242.27139827080646,sell,3.272160206760897,9.533914088602879,6.266641312841167
INDOSTAR,19-09-2020,290.18713979874303,278.7110074106471,273.4039315283248,sell,1.9224532821086784,5.95581055991516,4.034512133459986
INDUSINDBK,19-09-2020,616.9938887621529,611.3184856160923,592.1832537634625,sell,3.1799259156026847,4.103722130715812,0.9240976911811074
INFIBEAM,19-09-2020,79.3501330859443,79.16412685548624,77.70311721927823,sell,1.8627338611388964,2.097398001588889,0.2346870628885699
INFRATEL,19-09-2020,200.27195924693524,202.7183845927305,202.72400200038328,sell,0.0027710016705360385,1.2169068622219876,1.2141359629046597
INFY,19-09-2020,992.0101973256733,968.9554962337955,952.3295895657137,sell,1.7307068889428499,4.081653631477755,2.3513620016502936
INGERRAND,19-09-2020,622.037299419852,623.3404549290775,626.1167067264987,buy,0.44439327455493727,0.6536705064532449,0.20927875171605875
INOXLEISUR,19-09-2020,290.3893128843803,289.49253003782945,283.01143835456946,sell,2.264121138394554,2.5733745600679465,0.30929847433458013
INTELLECT,19-09-2020,208.62374042613598,200.14934591598418,191.08350338984903,sell,4.634499655241494,8.776541985494779,4.1462585445555495
IOB,19-09-2020,10.135324577133698,10.258741332114116,10.390781158053796,sell,1.2788656590247993,2.4890895936697266,1.2103202522696006
IOC,19-09-2020,81.84098158234386,83.02703296261176,84.41627107492204,sell,1.6593534394171674,3.0979574742366967,1.4387889410101313
IPCALAB,19-09-2020,2148.0662616706018,2096.0910816166534,2041.3834477718897,sell,2.6444940485397335,5.092927295833745,2.4492579256588884
IRB,19-09-2020,119.26639308359401,121.00205313714024,121.24156476732969,sell,0.1977444295633888,1.6425000664302094,1.4447673682058761
IRCON,19-09-2020,86.18654246160504,86.3793535254296,88.37606262078268,sell,2.2851470236350218,2.5085786937520234,0.2234636950965518
IRCTC,19-09-2020,1381.4017084638267,1373.4495954336526,1368.92040973174,buy,0.3303117882256361,0.9076245032909461,0.5773170420431568
ISEC,19-09-2020,478.61374378975495,478.9509639585811,480.4289866761118,buy,0.3081204097610897,0.37855307770802893,0.07043287332907362
ITC,19-09-2020,180.6374568596445,184.34320140831082,188.10606368923087,sell,2.020603949874666,4.050840984795797,2.030652564578209
ITDC,19-09-2020,252.65824624545434,244.3773756954918,239.65825261270828,sell,1.949907323672754,5.281152942425104,3.3321034486926213
ITI,19-09-2020,131.07136667931383,132.18144092797954,132.89700876825148,sell,0.5398913726045673,1.3832278854178888,0.8433522580482115
J&KBANK,19-09-2020,17.023843593349905,17.367066302364556,17.41916142909674,sell,0.2995158149043429,2.295489812745454,1.9960083060054212
JAGRAN,19-09-2020,38.605025942384856,39.09849584330709,39.45404948803652,sell,0.9052632049786801,2.175335900329606,1.2701352257449454
JAICORPLTD,19-09-2020,90.00794391105705,90.8100186505244,91.39397388711821,sell,0.6409906044985993,1.5281315576864258,0.8871626779824816
JAMNAAUTO,19-09-2020,49.174558004052805,47.030637409406324,44.15718972712477,sell,6.30226154633398,10.751686106595802,4.456974668431568
JBCHEPHARM,19-09-2020,1003.9957905450245,901.1640810464463,843.5582664184768,sell,6.603436324601515,17.367559397989208,10.79507405461758
JCHAC,19-09-2020,2266.46870884344,2228.563447716326,2196.0870122641854,sell,1.467977447976029,3.15432236493331,1.6865401539696239
JINDALSAW,19-09-2020,67.67065854517139,66.11626738811917,64.78254992945857,sell,2.0377838180536454,4.360949272536514,2.323681699402048
JINDALSTEL,19-09-2020,201.88848941756916,204.80810413025566,205.09470991191768,sell,0.13984084609506034,1.5756033662474658,1.4357704288679607
JKCEMENT,19-09-2020,1553.964717063844,1524.673952089508,1509.5110982133765,sell,0.9994679707895802,2.902168747589404,1.9028387623281067
JKLAKSHMI,19-09-2020,269.1176029003328,267.0171810891004,269.19707739391157,buy,0.8130691306039667,0.02952715074955878,0.7835424501290408
JKPAPER,19-09-2020,95.1987957539944,94.79182095008751,95.32139190796781,buy,0.5571111548945211,0.12869623474329697,0.42841568806608066
JKTYRE,19-09-2020,59.980248088851454,59.554983711733605,60.34943813861537,sell,1.3251461699607896,0.6136308692204383,0.7115297652616707
JMFINANCIL,19-09-2020,82.2642978765493,82.06896644878967,81.20558325434818,sell,1.0575845359993536,1.2953023699250918,0.23772597539708443
JSL,19-09-2020,44.55060728694352,45.246902364194206,45.10965455550422,sell,0.30379158606488155,1.2470346552033713,1.5508115535849198
JSLHISAR,19-09-2020,91.62317183993287,91.99440476017406,90.99322272627751,sell,1.094261997544815,0.6899151800162819,0.40435444919272695
JSWENERGY,19-09-2020,59.504630274268195,58.741488648233855,57.02732845388375,sell,2.961350452148228,4.251712315526328,1.2907681588002045
JSWSTEEL,19-09-2020,287.77798737493976,286.00556452842216,277.4229585966789,sell,3.0465642329000913,3.6641937180270916,0.6178019013051512
JUBILANT,19-09-2020,784.0486127962448,781.1338249448064,783.9617153714386,buy,0.36136968687045895,0.011083782197759325,0.37245343177312557
JUBLFOOD,19-09-2020,2362.2705555166385,2295.970965528887,2187.80508883397,sell,4.82476713303593,7.66868422942751,2.8465501279062386
JUSTDIAL,19-09-2020,383.6184904977031,382.12044473250086,381.6218043863309,buy,0.13057817522738083,0.5218455234835134,0.3912680147972008
JYOTHYLAB,19-09-2020,150.82263383190437,147.58482110318565,144.26710595802118,sell,2.2735605541975286,4.443074082175866,2.1700615552135023
KAJARIACER,19-09-2020,510.07085910458716,485.5421116198726,464.1091014206839,sell,4.5138699145269054,9.43598914909336,4.92736599581786
KALPATPOWR,19-09-2020,260.60189549565735,259.95633236592454,257.6919238679721,sell,0.8748830777203599,1.122904236542187,0.2480272504325738
KANSAINER,19-09-2020,513.0079875865688,502.61442415909937,490.82333933098886,sell,2.373794365675562,4.419995204513459,2.046737706310516
KARURVYSYA,19-09-2020,36.28206076194537,36.850595708947544,36.672457133967825,sell,0.48457883096970666,1.0702459101421258,1.5548045823508594
KEC,19-09-2020,341.6844879217715,334.9217465047167,324.0331816630921,sell,3.3047980601343134,5.3029405903216125,1.9990183574903442
KEI,19-09-2020,374.1510448521692,377.6602555515394,379.21366884115804,sell,0.41048138654401384,1.3440034811743726,0.9335349701410004
KNRCON,19-09-2020,264.71645694906397,258.9523590994792,250.82709439851777,sell,3.187756840809347,5.388240242455065,2.201428717134236
KOLTEPATIL,19-09-2020,166.6028242456877,167.48824485490607,166.60701926822242,buy,0.5275295290380924,0.0025179463430390226,0.530047457779699
KOTAKBANK,19-09-2020,1305.3814549494364,1332.1980289983037,1347.243484389285,sell,1.1230292070797585,3.156272024667344,2.033423008638981
KPITTECH,19-09-2020,101.12594582727127,93.91276741323355,88.01178889402968,sell,6.487280924557936,13.867308871564543,7.396663251303394
KPRMILL,19-09-2020,626.0787075787482,597.4241895718159,568.3493318564068,sell,4.988079962527989,9.666446837541024,4.684013102652443
KRBL,19-09-2020,273.3644977512411,269.40450704383505,270.89302343615316,sell,0.5509987769130611,0.9082003349061674,1.4591808568365723
KSB,19-09-2020,524.6220156508202,523.8607854154125,523.9170427131016,buy,0.01073840201212415,0.13446765422712856,0.14520605099743142
KSCL,19-09-2020,570.6293052916482,569.762426727312,579.0100221112646,sell,1.6099960254621344,1.4579732303606583,0.15203171682092637
KTKBANK,19-09-2020,43.930455737692704,44.57823987779354,44.74999190571037,sell,0.38454142545457,1.8482905528694145,1.4637751366601255
L&TFH,19-09-2020,64.06173081783552,64.49790974402612,64.915795948724,sell,0.6458144482625532,1.3243627045729778,0.6785627655527048
LALPATHLAB,19-09-2020,1947.877681451524,1897.371726530346,1872.2096725980473,sell,1.3350052044567442,3.961585264444968,2.626927388186529
LAOPALA,19-09-2020,220.41492734494875,214.75695410913772,210.07321805213596,sell,2.204992189313583,4.804643009750497,2.6003395333841124
LAURUSLABS,19-09-2020,1389.8831898923108,1297.2715727730008,1198.8670647099668,sell,7.884538669876299,14.757400783853578,6.892912786865407
LAXMIMACH,19-09-2020,3697.476938912424,3636.7873700885516,3501.5006859040454,sell,3.7904518036627257,5.444557914246185,1.6549599596347002
LEMONTREE,19-09-2020,28.576293582476296,28.53237419245041,28.25715577398224,sell,0.969257603050578,1.123063309046853,0.1538098916927299
LICHSGFIN,19-09-2020,303.6659319298054,299.86822282624456,293.5478035169898,sell,2.1301815349351565,3.3884446429370607,1.2584902026285176
LINDEINDIA,19-09-2020,790.6974344028919,755.6793100410764,734.7544145952804,sell,2.8078934473790627,7.3346162770528025,4.5290547064463205
LT,19-09-2020,908.9963755247838,922.4836553722358,934.5398147374198,sell,1.298439094522809,2.7711350986825933,1.472828490611083
LTI,19-09-2020,2676.921965559871,2591.695801318855,2518.6781933395,sell,2.857622868920242,6.091453051841193,3.235238083764278
LTTS,19-09-2020,1636.5060494226213,1592.1559383228066,1565.1366370497833,sell,1.7115487797221183,4.458299651887352,2.7472749558887326
LUPIN,19-09-2020,1032.9564058820538,995.5741878089018,973.745475697982,sell,2.2168785002682734,5.901318051035098,3.6856449875014436
LUXIND,19-09-2020,1406.3449081191811,1390.197960796572,1358.1468603259318,sell,2.3323929533376107,3.486937334623231,1.1547791741071662
M&M,19-09-2020,636.5013489636954,627.2079786256262,620.0332441389133,sell,1.1504966891344215,2.621194022859223,1.4708082207159765
M&MFIN,19-09-2020,134.75935306271384,134.71622270362954,135.46607356523913,buy,0.5550703150908027,0.5230599587494041,0.03201058868630005
MAHABANK,19-09-2020,12.514213329272863,12.707737080602902,12.712247388132372,sell,0.03548631223608712,1.570050282343996,1.5345661075779762
MAHINDCIE,19-09-2020,126.80045260402582,128.44541412091547,127.74037534997481,sell,0.5504120836653762,0.7385241522973666,1.2889231375192445
MAHLOG,19-09-2020,340.314027498013,339.81684542997505,335.9462037624656,sell,1.1455617977736445,1.2917582710449307,0.14620188196943829
MAHSCOOTER,19-09-2020,3019.7600370963232,3012.80646513479,3016.803132508851,buy,0.13256803145672488,0.09796649200527482,0.2305344486119309
MAHSEAMLES,19-09-2020,233.62596143585256,231.410912869735,229.22180607015997,sell,0.9504782051145053,1.9030686436811546,0.9526335172560938
MANAPPURAM,19-09-2020,159.22646198081844,156.21747952892667,155.94125215721726,sell,0.17697878910344864,2.0847375389233793,1.9077763468783
MARICO,19-09-2020,363.90178732266725,366.6024392760183,367.1382756393802,buy,0.1460560528997473,0.8854475919142549,0.7393939295671422
MARUTI,19-09-2020,7054.78802322841,7073.017328631213,6965.959634902449,sell,1.525149503512219,1.267099166062631,0.25806280520992203
MASFIN,19-09-2020,848.7248932510352,831.9220355321746,800.5688065246832,sell,3.8411522073824234,5.8396011253666416,1.9995702168123826
MCDOWELL-N,19-09-2020,547.2862764393847,553.3738446870005,562.5661108833528,sell,1.6474481714662088,2.7534894943691124,1.1061667686090104
MCX,19-09-2020,1709.8635383000467,1662.574762882685,1638.3538319273239,sell,1.4675222598539874,4.271509192240211,2.804426423503566
METROPOLIS,19-09-2020,1895.6545038815725,1855.5275504183965,1800.4332530257325,sell,3.01394354888936,5.152542748904655,2.139429805449119
MFSL,19-09-2020,613.7033898843971,604.7786270112172,591.0802908703857,sell,2.2909619079644052,3.755545393815137,1.464898578629495
MGL,19-09-2020,916.4136271115891,922.9485278214037,940.7487275885009,sell,1.910202927586775,2.6206756146359194,0.7105616142300839
MHRIL,19-09-2020,182.84240601867154,182.20607806750786,179.7018323572309,sell,1.3839132210942577,1.7325188647374672,0.348626540804074
MIDHANI,19-09-2020,206.45083357608047,207.387440372132,208.82281291737198,sell,0.6897343512782552,1.1423693081997224,0.45264387322896177
MINDACORP,19-09-2020,73.13088412549874,73.72281440958236,73.92184317738992,sell,0.26960510601654636,1.0757489050332507,0.8061496441537884
MINDAIND,19-09-2020,354.5738781455302,347.28728111268794,336.1959475860111,sell,3.245532022137232,5.320999810626207,2.0763642315079314
MINDTREE,19-09-2020,1253.9403213058497,1221.4194419268138,1187.9383019785569,sell,2.7792585001500627,5.405839479320061,2.627567908477733
MMTC,19-09-2020,18.122284566507933,18.300349270220067,18.548143366304597,sell,1.3449347767290378,2.322627925569463,0.9777695073362718
MOIL,19-09-2020,147.90522699950176,148.17615919474673,148.22996059449915,buy,0.03630248915958317,0.21931442705997528,0.18301197432736827
MOTHERSUMI,19-09-2020,120.48842934801888,117.52415620999989,114.88681787936696,sell,2.269547159695495,4.759728590526302,2.490854112667428
MOTILALOFS,19-09-2020,651.5373981454002,659.203770668133,665.453364792117,sell,0.9435791280152829,2.1132975322738896,1.1697767194834192
MPHASIS,19-09-2020,1324.4229716161776,1252.094310121635,1205.6307518687802,sell,3.7810216424473366,9.390489904994597,5.614451881010338
MRF,19-09-2020,59082.6568685423,59024.313233668494,59498.05600205888,buy,0.7994149483261982,0.7006183779142577,0.09879795379275609
MRPL,19-09-2020,29.269779132922853,30.124109746393685,31.35077459095432,sell,3.990783741305538,6.865643186006748,2.8768300227208945
MUTHOOTFIN,19-09-2020,1120.260494592756,1129.197181890565,1147.789742586514,sell,1.6330845378235017,2.427569508160062,0.7945637200678572
NAM-INDIA,19-09-2020,280.8721410422793,279.5795869742311,278.50345877602024,buy,0.3856516360443105,0.8469022485172595,0.46125437872147457
NATCOPHARM,19-09-2020,815.2337145012605,795.9061196592286,788.7542401244378,sell,0.9026387882595981,3.301704891294123,2.3992448615861885
NATIONALUM,19-09-2020,34.70439073999996,35.140502680818244,35.38977647127986,sell,0.7068561005523814,1.9556141646251155,1.2488012207011168
NAUKRI,19-09-2020,3485.207454827395,3426.096363649393,3361.1459718609167,sell,1.9138963537123472,3.6241623893637853,1.7105626588133325
NAVINFLUOR,19-09-2020,2082.063877180536,2051.8460868554757,2016.310548586128,sell,1.7470093437289784,3.208751654363929,1.4619471922682223
NBCC,19-09-2020,26.15692088617299,26.497923510962043,26.477707232988575,sell,0.0763229344872929,1.218917500810849,1.2952374228556494
NBVENTURES,19-09-2020,60.58980001909199,60.674283924413174,59.33776495458167,sell,2.2273079783498755,2.0879854682035135,0.13933871031515851
NCC,19-09-2020,33.095775366837515,33.219741569374186,33.22230827941136,buy,0.00772616149867005,0.3815939955345808,0.3738678615923727
NESCO,19-09-2020,574.8535072342279,560.862705567634,544.1153218277468,sell,3.0312609526478176,5.494019959831898,2.4637847921670533
NESTLEIND,19-09-2020,16136.229968331376,16193.168826580428,16284.925772867633,buy,0.5650389742307391,0.917276396456791,0.352241986374416
NFL,19-09-2020,36.25338111276862,36.10241359926633,36.16067805029982,buy,0.16125645804373562,0.25603608895903235,0.41729211627934504
NH,19-09-2020,336.6891078331273,331.0434935036165,326.2703168780457,sell,1.452328111834221,3.143115722239162,1.690980586602711
NHPC,19-09-2020,20.9055801619809,21.028954448767347,21.10620846815209,buy,0.36669619404139603,0.9551048061176284,0.5884137641285523
NIACL,19-09-2020,110.77456103527477,111.30027148290038,112.78480654664132,sell,1.3249744934334498,1.798399711995928,0.473453422582307
NIITTECH,19-09-2020,2158.6871700501815,2064.7671125317247,1997.6044183323042,sell,3.3065756634591015,7.751272897605638,4.447547018836963
NILKAMAL,19-09-2020,1297.0908283643703,1284.5459844357679,1276.8289778155126,sell,0.6025675064358786,1.5743964128338193,0.9718519558137076
NLCINDIA,19-09-2020,52.50996788654835,52.7251119624988,52.31247861804181,buy,0.7856869948679824,0.376807210844666,0.40888281029302825
NMDC,19-09-2020,88.76432042875004,90.85814349023728,91.7007617599165,sell,0.9231193280049659,3.2543041518653144,2.331359915463125
NTPC,19-09-2020,90.18523489098128,91.92078811458201,93.00404881017157,sell,1.171568636862273,3.0774877899394846,1.9060909627878826
OBEROIRLTY,19-09-2020,411.93655059218764,397.94921096328056,388.52557043117866,sell,2.3964253540064724,5.849366146415213,3.4541512625294133
OFSS,19-09-2020,2987.565271829252,2982.500525949799,2984.0500518689637,buy,0.051940426849822474,0.11773095786456428,0.16967135877589387
OIL,19-09-2020,95.41787227972338,95.30298323181437,95.55611607863425,buy,0.2652562521089326,0.14477762139150904,0.1204787463865657
OMAXE,19-09-2020,67.73398535265048,69.08697030102539,71.99840179146464,sell,4.127191142864386,6.103690813520555,1.977745210024135
ONGC,19-09-2020,73.77974217868663,75.00923556299065,76.56320086264614,sell,2.050458957183658,3.7028125532892773,1.6526672915767038
ORIENTCEM,19-09-2020,62.60529908906484,63.51495450526443,64.88246597528517,sell,2.130122964935893,3.5723692937450404,1.4425207534477789
ORIENTELEC,19-09-2020,210.88653250237564,205.86505497709442,199.6158155681126,sell,3.08238433077207,5.4911826873778224,2.4098180672334424
ORIENTREF,19-09-2020,196.55182410105553,196.72958917428687,194.48032014086743,sell,1.14990391596009,1.059505716188131,0.09040095322627706
PAGEIND,19-09-2020,18799.08152479933,18874.6445480636,19044.056122836646,sell,0.8935515815448668,1.2946843906988712,0.40114441092514214
PEL,19-09-2020,1352.0226590279913,1350.9857901693465,1368.461419744034,sell,1.2852339630629621,1.2085173255976431,0.07671961654079666
PERSISTENT,19-09-2020,1152.955473603321,1091.701312687834,1038.9189639924127,sell,4.954646238292844,10.405387065510457,5.457775218874089
PETRONET,19-09-2020,233.73658505468384,237.04516534628178,241.00982756979005,sell,1.6586636609835863,3.0640537018062166,1.4055686265578522
PFC,19-09-2020,93.53929830878963,93.43071518375382,92.94167392316032,buy,0.5248001197354966,0.6409494528867657,0.11615030988927787
PFIZER,19-09-2020,4962.445205468025,4901.174902326481,4788.940500111093,sell,2.316471941854388,3.5585651228555983,1.2423492079368812
PGHH,19-09-2020,9987.009197183794,10043.028744894878,10098.091607492763,sell,0.5467706029705229,1.1061175285025693,0.5593553828812278
PGHL,19-09-2020,5302.391058630113,5136.527976616632,4955.030410574685,sell,3.597017607752477,6.772864878337814,3.1777827082181194
PHILIPCARB,19-09-2020,124.07113940470146,122.25204848888696,119.9023926237311,sell,1.9406258702999426,3.4173762590644694,1.4769952689962311
PHOENIXLTD,19-09-2020,632.9728541254239,636.6579373031288,700.5980171322074,sell,9.562878313161457,10.14196762456415,0.5804968188521397
PIDILITIND,19-09-2020,1472.0028439500786,1464.723375701972,1447.75838239763,sell,1.1649853776534325,1.6607153580689038,0.4957539589079694
PIIND,19-09-2020,2008.2355023996402,1964.8331412514822,1933.2709850197407,sell,1.619359319779517,3.8038510208811513,2.1848281538006655
PNB,19-09-2020,33.16626465272491,33.58222240707211,33.79568753284073,sell,0.6336353441624659,1.8799418462937139,1.2463436181693788
PNBHOUSING,19-09-2020,329.3234372139804,315.15155006775234,294.83873955343165,sell,6.660043892480762,11.049915853327699,4.397963435633794
PNCINFRA,19-09-2020,168.41557781568338,165.05841222023918,160.59563621173825,sell,2.740807940198605,4.753601865554265,2.0134497416620465
POLYCAB,19-09-2020,879.7463148567218,874.3499280940896,869.751362648034,sell,0.5273277957496189,1.1426082283165087,0.6152897008153
POLYMED,19-09-2020,488.355648854061,471.5818062335088,450.2441453989163,sell,4.62943374436497,8.120927297981616,3.494778234071922
POWERGRID,19-09-2020,171.7873929168595,174.30559752499252,176.04401845681673,sell,0.9923920863749257,2.4475222195412,1.4552184977326912
PRAJIND,19-09-2020,73.23926106143048,71.18659981315794,69.99629175228475,sell,1.6861930616025775,4.528162520325347,2.8425120485242767
PRESTIGE,19-09-2020,256.8628763344965,251.56259298571388,244.29378386860418,sell,2.9318203642847425,5.016033294179314,2.084979478258377
PRSMJOHNSN,19-09-2020,58.63886093334205,56.19526142799156,54.0809953550073,sell,3.834490097255842,8.087067759694875,4.255877007813991
PTC,19-09-2020,52.619548925621004,55.2820500788247,55.91283236683971,sell,1.1345527314590913,6.0687573643931,4.935054119251745
PVR,19-09-2020,1239.5037960662435,1275.7519271391648,1271.5984941609113,sell,0.32609828184798495,2.556223871849086,2.88226208878095
QUESS,19-09-2020,424.2248870879454,406.2061244734264,390.7059455603321,sell,3.8900600194040744,8.226205264239885,4.339616985314691
RADICO,19-09-2020,444.7506709104156,425.3944406323538,412.6806560032904,sell,3.0340442473714906,7.480485935255035,4.44896604515611
RAIN,19-09-2020,107.48581589833859,109.84200045971147,109.83478059297946,sell,0.006573172364796626,2.1617506417388386,2.1683230438307484
RAJESHEXPO,19-09-2020,474.1777971957083,463.2500724200064,461.8929603292684,sell,0.2933842752303965,2.624766721464878,2.331427330015603
RALLIS,19-09-2020,305.4290729161232,304.8790053265224,303.10814839257444,buy,0.5825310364258638,0.7627880242255177,0.18025899024133926
RAMCOCEM,19-09-2020,741.2725904061687,727.0346394498334,715.8095872169766,sell,1.5559617629393543,3.4950675507854143,1.9393694544065618
RATNAMANI,19-09-2020,1237.5101442069129,1203.1216468274704,1175.048940589713,sell,2.3608656491076796,5.178004054766197,2.817999626635037
RAYMOND,19-09-2020,281.0998376110624,279.4671340470183,277.7181776738827,sell,0.6277826555527346,1.2102902357059488,0.5825186450834917
RBLBANK,19-09-2020,182.6603855159628,184.38518414623437,184.69991807676746,sell,0.17054816281526947,1.1103717744450567,0.9398280610546323
RCF,19-09-2020,47.06756789731503,47.394651929363654,47.88309943038059,sell,1.025312822870228,1.7178005295128282,0.692518199654349
RECLTD,19-09-2020,108.28566705588516,108.66160118191434,108.70141038992544,buy,0.03662923854728596,0.383196399466795,0.34656728253163477
REDINGTON,19-09-2020,117.01866721396571,115.48817112005834,112.43679193763286,sell,2.6775296057879614,3.9936947181593614,1.3165170580562726
RELAXO,19-09-2020,667.7322466101687,657.8465180097204,649.9256960507221,sell,1.2113458098953362,2.7027576707028933,1.4915339418979001
RELIANCE,19-09-2020,2297.9687289863186,2242.2804738289938,2181.6505746897724,sell,2.740996569533861,5.193216048564332,2.453092448000157
RENUKA,19-09-2020,9.304223633962394,9.477446896093365,9.576773694928015,sell,1.042570052762523,2.8870303429213817,1.844599093076062
REPCOHOME,19-09-2020,174.71790366555467,175.16624164277079,168.05194961786333,sell,4.14563808449476,3.88946343083423,0.25627796127831276
RITES,19-09-2020,252.10905475535267,249.5859321967407,249.0229305031774,sell,0.22582899570405107,1.2316612560992928,1.0058392546198158
RVNL,19-09-2020,21.169381988109535,21.218178960052477,21.135352664032123,buy,0.3911187230169688,0.1608771422736703,0.23024194292574615
SADBHAV,19-09-2020,55.98561501945715,54.8350400571092,53.294729289694175,sell,2.849004074862679,4.924738747437559,2.076463023166606
SAIL,19-09-2020,38.38890031114961,39.055175051911114,39.03150796649306,sell,0.06061746895428108,1.660047188175364,1.7206603284705266
SANOFI,19-09-2020,8577.15886278579,8499.948858421732,8421.004773481029,sell,0.9330926218231885,1.8373054012916352,0.9042515351492687
SBICARD,19-09-2020,848.4890816734307,837.3534743815911,819.9928080180022,sell,2.0949956623975132,3.4158325399262974,1.3210732226261561
SBILIFE,19-09-2020,855.0808217957841,852.6108772545724,851.8724880358496,buy,0.08664082428248994,0.3759134759521843,0.28927288720618993
SBIN,19-09-2020,196.46314912336214,200.34475134617998,201.01269509999773,sell,0.3328423377874585,2.289218850783288,1.9564137801816643
SCHAEFFLER,19-09-2020,3981.82477213304,3967.3252749821268,3884.7195133627433,sell,2.1040573212725104,2.4688161725432045,0.364806226199622
SCHNEIDER,19-09-2020,79.66334411645798,80.35831926635281,80.59580711764453,sell,0.2951000469849771,1.1636939220081477,0.8686013320987427
SCI,19-09-2020,56.84687596619068,57.52624567876657,58.213506723493246,sell,1.1875972264707495,2.3755018458235932,1.1879884063754498
SEQUENT,19-09-2020,149.80863566499897,144.70032666347655,138.50201280847128,sell,4.377304132841905,7.84336126077432,3.469034667831238
SFL,19-09-2020,1515.2339642434745,1470.822127624337,1440.9466331997396,sell,2.0520513047981357,5.025899372182174,2.9746150274998535
SHOPERSTOP,19-09-2020,172.11418786226807,174.12750115134637,173.916629228125,sell,0.12117539404640937,1.041780833864914,1.1629525576852953
SHREECEM,19-09-2020,19819.42186297794,20043.458929666314,20489.265351617258,sell,2.199735793020946,3.3235688628270594,1.124038515197909
SHRIRAMCIT,19-09-2020,977.9465246800795,963.7976369770621,922.0868279509746,sell,4.423474481261945,5.879864861504007,1.4573379935843176
SIEMENS,19-09-2020,1247.4954331082968,1231.7313454066164,1216.411314574032,sell,1.2515635696414342,2.5231570605100155,1.271693887650188
SIS,19-09-2020,371.92328455018287,368.9974557919965,369.9649921317295,buy,0.26186346612104283,0.5279211115754007,0.7897818481461647
SJVN,19-09-2020,23.480715882568575,23.488704922434078,23.403029049127493,buy,0.36541994100087827,0.3314019968083253,0.03401804718295458
SKFINDIA,19-09-2020,1567.4726412421144,1579.4495711947397,1580.4989813642753,buy,0.06641944652457932,0.8276021313925109,0.7611837309032752
SOBHA,19-09-2020,251.2137772108949,250.51392295970146,248.3834562747367,sell,0.8540701048516193,1.1330410764733012,0.27897772076585775
SOLARINDS,19-09-2020,1068.6743033809416,1061.898197033519,1056.7499650202333,sell,0.48599216287947883,1.1220666422218188,0.6360831509938785
SONATSOFTW,19-09-2020,328.6980159369132,321.1666850200736,311.721083778306,sell,2.9849214054811926,5.30181943860089,2.3178150485013225
SOUTHBANK,19-09-2020,7.07656857989448,7.1600407355113695,7.202948279576937,sell,0.5974737433899442,1.77008369297356,1.1726409535810178
SPANDANA,19-09-2020,573.8321930508346,581.5312293738396,590.5091824718683,sell,1.5320210817458744,2.8646219694025645,1.332747112046803
SPARC,19-09-2020,178.3949688380803,178.82026244041322,178.61529506530786,buy,0.11468773646117958,0.12342851144872559,0.23811616364216287
SPICEJET,19-09-2020,52.15864267384369,52.02411208443427,51.43640290868909,sell,1.1361033255715867,1.3943519423990192,0.2582588447033285
SRF,19-09-2020,4319.74351715912,4266.031741501969,4204.376896315161,sell,1.4557702661839276,2.7068275727685935,1.251180564107305
SRTRANSFIN,19-09-2020,650.6525184315983,660.7179831898881,671.2112801467382,sell,1.575653789685994,3.1105718663679003,1.535106172640605
STAR,19-09-2020,698.0168312670936,662.0320831765208,622.7677662369986,sell,6.112129754287482,11.394600629397768,5.291684395820996
STARCEMENT,19-09-2020,88.9606866525414,88.29444142237264,88.2367381084337,buy,0.06537464270313162,0.8171095545934114,0.7517359158006163
STRTECH,19-09-2020,157.66973995607532,155.39956148114203,151.57547002400548,sell,2.491467425468721,3.94138355932005,1.4502721694599292
SUDARSCHEM,19-09-2020,489.91889776244943,469.15024648461707,455.8290955412481,sell,2.8803131784961513,7.20906678366157,4.331001868303696
SUMICHEM,19-09-2020,287.73868928666377,281.09628119614035,278.82526093777386,sell,0.8111923144487052,3.1464862334989583,2.33544294398272
SUNDARMFIN,19-09-2020,1337.1418003341576,1364.5207226567559,1376.3122634619947,sell,0.8604348287515776,2.8871292608533956,2.0268203070965436
SUNDRMFAST,19-09-2020,422.23377046890323,428.0466263049032,431.55718019865003,sell,0.8167841666560385,2.184002939468287,1.3672797486700925
SUNPHARMA,19-09-2020,514.6894320489375,513.9652234243746,515.2604173388823,buy,0.2516831806769346,0.11087632864536007,0.1408069502645122
SUNTECK,19-09-2020,283.17887516034824,276.63677087345224,262.90859298562253,sell,5.088794680632415,7.423822503580105,2.3372352427967003
SUNTV,19-09-2020,482.7310969242298,478.84296506618,465.2017988672686,sell,2.889940545207669,3.6984259402295967,0.8087014847304775
SUPRAJIT,19-09-2020,178.88455464788314,176.89157192808221,174.46552679198638,sell,1.3809569494588199,2.5012179637200704,1.1203577592356404
SUPREMEIND,19-09-2020,1405.1729705047774,1381.286184915851,1347.7721545721793,sell,2.456087497928603,4.170138765914813,1.7144902728940643
SUZLON,19-09-2020,3.230469463472802,3.369478153323901,3.5926322673662114,sell,6.410530731576371,10.615782035214513,4.212417974267712
SWANENERGY,19-09-2020,117.29176770011688,121.18209167658432,125.68304753511384,sell,3.6464896363271015,6.90711901714845,3.2626837898590453
SWSOLAR,19-09-2020,233.55907579178478,247.5474105184622,250.50176363048564,sell,1.186370047524632,7.000230739145132,5.815068025358889
SYMPHONY,19-09-2020,877.0292042341134,864.2509327775246,861.6389371345227,sell,0.3026839300163375,1.7703513089594953,1.4676870406985483
SYNGENE,19-09-2020,547.8548513693172,517.2027287044776,497.65737504955973,sell,3.8518321062416967,9.60246567210324,5.755955966759238
TAKE,19-09-2020,47.78200996837347,48.76372904842361,49.047107259746376,sell,0.5794413421227287,2.613051378734475,2.0336870172578836
TASTYBITE,19-09-2020,11648.616774039052,11796.45392208153,11976.296876376337,sell,1.5130176210527,2.774021587431479,1.261136295630279
TATACOMM,19-09-2020,877.3932103019131,879.6557889737146,861.4416936186275,sell,2.0922545161535617,1.8347361957503632,0.25754303639048265
TATACONSUM,19-09-2020,543.9040291374762,544.4755405412927,533.8730487555015,sell,1.9664312432968032,1.861420248718774,0.10502060489526155
TATAELXSI,19-09-2020,1273.6963078550782,1234.2631294682576,1170.665634303478,sell,5.288929645054208,8.43006690413583,3.1446424371923944
TATAINVEST,19-09-2020,871.4180099720586,846.9215582378745,826.0157081203238,sell,2.4992987529126482,5.349522796419884,2.8511770534043057
TATAMOTORS,19-09-2020,147.94096890841053,145.4398855227933,139.26126965123413,sell,4.340422059603102,6.044311702238937,1.7050079088945533
TATAMTRDVR,19-09-2020,64.32477745027788,60.51397280519244,55.711817466642856,sell,8.263493545310444,14.350556994050342,6.105163080032443
TATAPOWER,19-09-2020,56.67495951776978,57.16014644997187,56.696824536706124,buy,0.8138665718060533,0.03857224108926355,0.8524381438878469
TATASTEEL,19-09-2020,401.3735091222106,408.65287910579667,408.5620720959936,sell,0.022223531194466302,1.7750949928563127,1.7973167514975046
TATASTLBSL,19-09-2020,23.533533190899952,23.998952837269236,24.086955491695253,sell,0.36602263525511297,2.32430332449558,1.95832234019261
TCIEXP,19-09-2020,860.6012786498766,833.1400796361738,805.6636505004843,sell,3.353229997029391,6.594104837506879,3.242667350520577
TCNSBRANDS,19-09-2020,392.1617709330463,386.8870954879831,380.3039345184493,sell,1.7161725599108286,3.0701263061681807,1.3541321147915053
TCS,19-09-2020,2452.4586040685417,2397.65093997009,2343.9772840233513,sell,2.2639335439729664,4.523413742046125,2.2600588131382326
TEAMLEASE,19-09-2020,2370.565375059664,2330.548621991159,2266.215179670301,sell,2.7990753972438283,4.5009762337325006,1.7024370433734974
TECHM,19-09-2020,790.0454808342882,771.1475081616206,746.1421979475592,sell,3.2960495432586954,5.715874888612967,2.4209656084635585
THERMAX,19-09-2020,770.0480750110939,768.9225391462842,769.2541309987262,buy,0.04311492416677051,0.10315635347861109,0.1462712613815592
THYROCARE,19-09-2020,794.9847558339575,779.300529951938,758.3525881039976,sell,2.7246641784104018,4.716575941848091,1.9925519248170869
TIINDIA,19-09-2020,637.1102608301251,631.933086604877,614.9734104110393,sell,2.720280347311596,3.5360017748880987,0.8159176336588099
TIMETECHNO,19-09-2020,40.36593416383854,40.68561246561757,40.89510476756726,sell,0.5135828883457739,1.302396845246852,0.7888271478408759
TIMKEN,19-09-2020,1129.983082511708,1128.6946868601822,1104.2613006229144,sell,2.1884341988135785,2.302503887484882,0.1140840600635278
TITAN,19-09-2020,1172.7941917006274,1163.9977847922767,1143.4111237382217,sell,1.7843964264804562,2.5371730015945064,0.7528617863154864
TORNTPHARM,19-09-2020,2846.5567194216555,2817.1856635010217,2780.81371151641,sell,1.2994625239485136,2.3365445268647944,1.0371607299510461
TORNTPOWER,19-09-2020,328.43185722664487,330.8261117069676,333.27437916691065,sell,0.7373183708150619,1.4636470608645287,0.7263482864516824
TRENT,19-09-2020,705.6755438665316,686.2175383754769,659.0786171948587,sell,4.0346389258969895,6.828618369689933,2.79590519405592
TRIDENT,19-09-2020,6.796222304611536,6.7030436615922016,6.6669292694854505,sell,0.5402313421713134,1.9206949340872703,1.3804994027469828
TTKPRESTIG,19-09-2020,6191.124462258327,6058.5542581181835,5917.698695730287,sell,2.352247617526043,4.516141047904423,2.1644682634757126
TV18BRDCST,19-09-2020,31.596312199784997,31.467581599562294,32.01131438529831,sell,1.7131135546708194,1.304881844500825,0.4082545255841307
TVSMOTOR,19-09-2020,455.43182138717793,449.1532672845003,441.11765374930496,sell,1.8052063355869679,3.193168483132268,1.3881621930994346
TVTODAY,19-09-2020,224.94337654056625,227.75188387556548,225.78434745178456,sell,0.867642445245268,0.3731613861110432,1.2407937880407962
UBL,19-09-2020,1037.4883916323558,1050.4289022386922,1043.4313250304983,sell,0.6683900975873751,0.5711833426878281,1.2395616094873532
UCOBANK,19-09-2020,13.349013852396057,13.415600539015827,13.506666823795538,sell,0.6765127435403416,1.1740754092242751,0.4975725459443647
UFLEX,19-09-2020,335.3946199155661,335.93693193310105,330.74721209031526,sell,1.556875137742442,1.3953208166665125,0.16156309532645782
UJJIVAN,19-09-2020,225.79179248593437,230.84492361151345,235.31929343686397,sell,1.919653916673824,4.132410276739584,2.2131952808195696
UJJIVANSFB,19-09-2020,34.15743631274851,34.45506699228908,34.66345189788048,sell,0.6029785039882624,1.4705290742057526,0.8675698020151451
ULTRACEMCO,19-09-2020,3963.4462153151417,3949.9761401982078,3963.8502229939068,buy,0.3506289412724177,0.010192823793309817,0.3404361478962183
UNIONBANK,19-09-2020,27.65064129292794,28.422420146347793,29.030295692710204,sell,2.116089857493421,4.86814252958395,2.75276160641113
UPL,19-09-2020,526.9512183898864,514.8505415119905,503.5979223253969,sell,2.209757211316348,4.532204266995069,2.323028688113492
VAIBHAVGBL,19-09-2020,1828.9252899186445,1785.0846296483242,1732.7575146604977,sell,2.9749552618488844,5.40013137242356,2.426150522330238
VAKRANGEE,19-09-2020,26.728705501597457,27.330188859384595,28.196013345438953,sell,3.1186159026706983,5.342978078514709,2.2252891587855697
VARROC,19-09-2020,317.89432684625103,312.31559563577514,296.8067127260246,sell,5.092206506591688,6.861095967854457,1.7704358536611273
VBL,19-09-2020,719.4313664809331,730.9568714460387,735.3282221519562,sell,0.5962484001240187,2.185495912209409,1.5892992874209886
VENKEYS,19-09-2020,1452.281949320903,1454.0407936505917,1409.2958742612684,sell,3.1253690766272575,3.0043617689085935,0.1210357200653025
VESUVIUS,19-09-2020,965.3523092302421,959.0373375352133,950.851988621683,sell,0.8571542655826029,1.5134420296222155,0.656309049016463
VGUARD,19-09-2020,174.3015021131508,172.52781960751807,170.8696733968877,sell,0.965729945273132,1.9884793167865813,1.0227984743811436
VINATIORGA,19-09-2020,1234.36655542629,1137.0296973292482,1084.524088936471,sell,4.726926596815432,12.923633708565529,8.209244489101087
VIPIND,19-09-2020,317.5516695602913,304.22319532874513,294.17282075328296,sell,3.359104775217777,7.643587653332038,4.287234812531322
VMART,19-09-2020,2085.0673951577946,2006.7376704434562,1951.056009445851,sell,2.813772798745915,6.640599024256234,3.8286146802464387
VOLTAS,19-09-2020,680.2568714388168,667.389543192013,652.1337751439997,sell,2.312315036198307,4.221449072303891,1.9096000415403707
VRLLOG,19-09-2020,165.4238860297989,163.7091629119513,162.12135035690312,sell,0.9746248373847131,2.0165371411457667,1.0419634997827694
VSTIND,19-09-2020,3590.0183429961326,3500.2469139969116,3448.6880986441206,sell,1.4839343081781233,4.015801639798954,2.5322445845218677
VTL,19-09-2020,791.3396448714216,785.156089015744,770.7806459707587,sell,1.8478184519642484,2.632191518308621,0.7844684540224905
WABCOINDIA,19-09-2020,6220.453178425721,6538.9043951229505,6713.968714939207,sell,2.641907431881162,7.631041272384173,4.9916496949252185
WELCORP,19-09-2020,109.67012269724464,107.30914468255813,105.84768780171558,sell,1.371250326634846,3.5472102158791174,2.1762245243033553
WELSPUNIND,19-09-2020,60.0151119529213,58.1333914225178,54.64406440993527,sell,6.187986751122363,9.368718166941177,3.18534806052342
WESTLIFE,19-09-2020,393.4872452860685,385.1534962337966,376.23260513169527,sell,2.34332911675229,4.483355897605688,2.1405890054005856
WHIRLPOOL,19-09-2020,2169.4952135204553,2165.420386956756,2152.99427912979,buy,0.5754939619185233,0.7634921689791406,0.18800027217373322
WIPRO,19-09-2020,309.1914600951786,297.28405990476995,287.4381317278561,sell,3.3677285787367284,7.292071551749227,3.926753775786264
WOCKPHARMA,19-09-2020,298.81362398073696,298.66853253026204,299.9893084130493,buy,0.44124566403609944,0.3926782481215929,0.048567626294376595
ZEEL,19-09-2020,219.13798129838946,215.79315222583767,205.69574753363182,sell,4.791302783047491,6.328232836744791,1.538095948868407
ZENSARTECH,19-09-2020,185.5619898297561,180.18547792584476,175.40303957176442,sell,2.6898722083243287,5.6287725571838365,2.9400131937504046
