company,date,current volume,mean volume,action
3MINDIA,2020-02-03,4631.0,8520.589285714286,False
AARTIDRUGS,2020-02-03,103097.0,97765.07142857143,True
AARTIIND,2020-02-03,381788.0,389084.8035714286,False
ABB,2020-02-03,109664.0,92942.10714285714,True
ABBOTINDIA,2020-02-03,12274.0,23379.464285714286,False
ABFRL,2020-02-03,913074.0,1570249.0535714286,False
ACC,2020-02-03,1483250.0,1534288.3035714286,False
ACCELYA,2020-02-03,6410.0,18604.428571428572,False
ADANIENT,2020-02-03,2224751.0,3759015.1071428573,False
ADANIPORTS,2020-02-03,6352246.0,5836847.839285715,True
ADVENZYMES,2020-02-03,42314.0,147953.73214285713,False
AEGISCHEM,2020-02-03,53718.0,189424.23214285713,False
AGCNET,2020-02-03,2284.0,6982.214285714285,False
AHLUCONT,2020-02-03,17823.0,23465.75,False
AIAENG,2020-02-03,68553.0,73912.03571428571,False
AJANTPHARM,2020-02-03,279909.0,212559.32142857142,True
AKZOINDIA,2020-02-03,9550.0,22332.446428571428,False
ALKEM,2020-02-03,351567.0,150986.3392857143,True
ALKYLAMINE,2020-02-03,181157.0,48173.44642857143,True
ALLCARGO,2020-02-03,29431.0,155166.3392857143,False
AMARAJABAT,2020-02-03,1277069.0,1247548.0,True
AMBER,2020-02-03,39112.0,93375.17857142857,False
AMBUJACEM,2020-02-03,3151132.0,5807606.375,False
AMRUTANJAN,2020-02-03,47216.0,82968.64285714286,False
ANANTRAJ,2020-02-03,69079.0,205981.8392857143,False
ANDHRAPAP,2020-02-03,69079.0,205981.8392857143,False
APARINDS,2020-02-03,8335.0,27417.964285714286,False
APEX,2020-02-03,111733.0,217874.14285714287,False
APLAPOLLO,2020-02-03,13688.0,51772.517857142855,False
APLLTD,2020-02-03,485702.0,474218.1785714286,True
APOLLOHOSP,2020-02-03,1386447.0,1281408.982142857,True
APOLLOTYRE,2020-02-03,7712369.0,6855932.357142857,True
ARVIND,2020-02-03,1845775.0,1645199.857142857,True
ASAHIINDIA,2020-02-03,28079.0,46083.58928571428,False
ASHOKLEY,2020-02-03,30177711.0,37901315.83928572,False
ASIANPAINT,2020-02-03,2260057.0,2946751.6428571427,False
ASIANTILES,2020-02-03,38947.0,84039.03571428571,False
ASTEC,2020-02-03,233509.0,99071.16071428571,True
ASTERDM,2020-02-03,855813.0,313043.64285714284,True
ASTRAL,2020-02-03,185397.0,107944.23214285714,True
ASTRAZEN,2020-02-03,44121.0,49253.125,False
ATFL,2020-02-03,16688.0,10354.07142857143,True
ATUL,2020-02-03,74692.0,42788.607142857145,True
AUBANK,2020-02-03,690244.0,974133.4107142857,False
AUROPHARMA,2020-02-03,3656735.0,8155109.964285715,False
AUTOAXLES,2020-02-03,6808.0,13386.0,False
AVANTIFEED,2020-02-03,224644.0,698048.5714285715,False
AXISBANK,2020-02-03,72430787.0,37802998.89285714,True
BAJAJ-AUTO,2020-02-03,563888.0,903693.7142857143,False
BAJAJCON,2020-02-03,151876.0,320637.48214285716,False
BAJAJELEC,2020-02-03,137949.0,244137.5892857143,False
BAJAJFINSV,2020-02-03,2498677.0,883414.75,True
BAJAJHLDNG,2020-02-03,15851.0,73383.76785714286,False
BAJFINANCE,2020-02-03,17335246.0,8147465.982142857,True
BALAMINES,2020-02-03,996762.0,112254.03571428571,True
BALKRISIND,2020-02-03,1151203.0,877094.875,True
BALMLAWRIE,2020-02-03,76332.0,226975.60714285713,False
BALRAMCHIN,2020-02-03,1153330.0,785796.5714285715,True
BANARISUG,2020-02-03,277.0,509.0,False
BATAINDIA,2020-02-03,1688595.0,1160139.875,True
BAYERCROP,2020-02-03,139534.0,29718.98214285714,True
BBTC,2020-02-03,39067.0,63105.892857142855,False
BEL,2020-02-03,16020557.0,15705622.67857143,True
BEML,2020-02-03,409190.0,643817.6785714285,False
BERGEPAINT,2020-02-03,1479937.0,1630021.9107142857,False
BHARATFORG,2020-02-03,4309946.0,3175994.5,True
BHARATRAS,2020-02-03,3037.0,2914.1071428571427,True
BHEL,2020-02-03,38437471.0,43768802.39285714,False
BIOCON,2020-02-03,7296906.0,7297969.017857143,False
BIRLACORPN,2020-02-03,10220582.0,371333.1964285714,True
BLISSGVS,2020-02-03,70139.0,241132.57142857142,False
BLUEDART,2020-02-03,22511.0,9756.464285714286,True
BLUESTARCO,2020-02-03,152028.0,101554.08928571429,True
BOMDYEING,2020-02-03,427452.0,1084286.9464285714,False
BOSCHLTD,2020-02-03,28661.0,34198.357142857145,False
BPCL,2020-02-03,9065326.0,9769803.0,False
BRIGADE,2020-02-03,769657.0,240595.8392857143,True
BRITANNIA,2020-02-03,739318.0,900852.2678571428,False
BSOFT,2020-02-03,3195373.0,904766.6785714285,True
CADILAHC,2020-02-03,2897472.0,6072605.5,False
CANBK,2020-02-03,13475876.0,11332089.232142856,True
CANFINHOME,2020-02-03,228845.0,458306.0,False
CAPACITE,2020-02-03,20351.0,50921.96428571428,False
CAPLIPOINT,2020-02-03,38457.0,126452.44642857143,False
CARBORUNIV,2020-02-03,52552.0,70438.39285714286,False
CARERATING,2020-02-03,33878.0,134323.4642857143,False
CASTROLIND,2020-02-03,1413094.0,1476952.0714285714,False
CCL,2020-02-03,734383.0,228965.0892857143,True
CEATLTD,2020-02-03,151450.0,128090.5,True
CENTURYPLY,2020-02-03,182182.0,375362.5535714286,False
CENTURYTEX,2020-02-03,1514928.0,1665916.4464285714,False
CERA,2020-02-03,3296.0,18348.303571428572,False
CESC,2020-02-03,1007295.0,792617.6607142857,True
CGCL,2020-02-03,144524.0,228462.3392857143,False
CHAMBLFERT,2020-02-03,1047844.0,871906.9464285715,True
CHOLAFIN,2020-02-03,21892494.0,9155171.625,True
CHOLAHLDNG,2020-02-03,129295.0,174939.1607142857,False
CIGNITITEC,2020-02-03,27410.0,42905.66071428572,False
CIPLA,2020-02-03,7710100.0,9265067.17857143,False
CLNINDIA,2020-02-03,152030.0,54171.142857142855,True
COALINDIA,2020-02-03,6084254.0,12810572.160714285,False
COCHINSHIP,2020-02-03,266946.0,287114.16071428574,False
COLPAL,2020-02-03,1423632.0,1070984.9642857143,True
CONCOR,2020-02-03,1211102.0,1781954.8035714286,False
COROMANDEL,2020-02-03,1536578.0,309281.78571428574,True
CREDITACC,2020-02-03,332059.0,169566.76785714287,True
CRISIL,2020-02-03,11269.0,33159.46428571428,False
CUB,2020-02-03,1796919.0,1662400.6607142857,True
CUMMINSIND,2020-02-03,891151.0,1668009.2142857143,False
CYIENT,2020-02-03,138589.0,746962.8928571428,False
DAAWAT,2020-02-03,637081.0,1004050.8928571428,False
DABUR,2020-02-03,5829539.0,3508616.964285714,True
DBCORP,2020-02-03,80552.0,108562.66071428571,False
DBL,2020-02-03,95507.0,288488.875,False
DCBBANK,2020-02-03,5855917.0,1912079.1785714286,True
DCMSHRIRAM,2020-02-03,201672.0,132778.92857142858,True
DEEPAKFERT,2020-02-03,591727.0,982682.0178571428,False
DEEPAKNTR,2020-02-03,2688670.0,1220609.75,True
DELTACORP,2020-02-03,286578.0,1675213.0,False
DFMFOODS,2020-02-03,13137.0,57798.33928571428,False
DHANUKA,2020-02-03,354645.0,38054.17857142857,True
DIAMONDYD,2020-02-03,10982.0,40161.55357142857,False
DISHTV,2020-02-03,5487738.0,5375913.839285715,True
DIVISLAB,2020-02-03,720014.0,943519.2142857143,False
DIXON,2020-02-03,23566.0,57043.21428571428,False
DLF,2020-02-03,4864921.0,10013508.035714285,False
DMART,2020-02-03,751860.0,443273.08928571426,True
DOLAT,2020-02-03,113478.0,61003.107142857145,True
DOLLAR,2020-02-03,38071.0,68332.07142857143,False
DRREDDY,2020-02-03,861668.0,1301830.892857143,False
ECLERX,2020-02-03,113264.0,60123.66071428572,True
EDELWEISS,2020-02-03,1279444.0,2246240.214285714,False
EICHERMOT,2020-02-03,301788.0,224478.5357142857,True
EIDPARRY,2020-02-03,919914.0,258313.07142857142,True
EIHAHOTELS,2020-02-03,19342.0,8467.232142857143,True
EIHOTEL,2020-02-03,477731.0,209316.14285714287,True
ELGIEQUIP,2020-02-03,9427.0,203551.9107142857,False
EMAMILTD,2020-02-03,406946.0,826274.5714285715,False
ENDURANCE,2020-02-03,64555.0,214168.9642857143,False
ENGINERSIN,2020-02-03,515296.0,1539801.125,False
ENIL,2020-02-03,2730.0,7174.285714285715,False
EQUITAS,2020-02-03,12069211.0,13425683.392857144,False
ERIS,2020-02-03,20926.0,74112.17857142857,False
ESABINDIA,2020-02-03,3518.0,4222.285714285715,False
ESCORTS,2020-02-03,2214746.0,3599360.4821428573,False
ESSELPACK,2020-02-03,81632.0,132812.10714285713,False
EXCELINDUS,2020-02-03,110709.0,25447.23214285714,True
EXIDEIND,2020-02-03,2577219.0,2971118.0,False
FDC,2020-02-03,216682.0,363752.8214285714,False
FEDERALBNK,2020-02-03,42961149.0,24981695.0,True
FINCABLES,2020-02-03,367473.0,96254.67857142857,True
FINPIPE,2020-02-03,29687.0,50357.857142857145,False
FMGOETZE,2020-02-03,335.0,1663.6607142857142,False
FORCEMOT,2020-02-03,12233.0,32437.785714285714,False
FORTIS,2020-02-03,1475193.0,1225541.892857143,True
FOSECOIND,2020-02-03,732.0,1054.875,False
FRETAIL,2020-02-03,505094.0,1565741.3214285714,False
FSL,2020-02-03,3492766.0,1410542.9107142857,True
GABRIEL,2020-02-03,98312.0,106899.98214285714,False
GAEL,2020-02-03,33843.0,56083.625,False
GAIL,2020-02-03,8688846.0,17893173.910714287,False
GALAXYSURF,2020-02-03,9812.0,22958.75,False
GALLISPAT,2020-02-03,18589.0,19384.803571428572,False
GARFIBRES,2020-02-03,3849.0,11720.67857142857,False
GDL,2020-02-03,37703.0,87811.48214285714,False
GEPIL,2020-02-03,19093.0,38990.232142857145,False
GESHIP,2020-02-03,48549.0,125117.57142857143,False
GFLLIMITED,2020-02-03,15198.0,40980.267857142855,False
GHCL,2020-02-03,393672.0,353483.3035714286,True
GILLETTE,2020-02-03,3868.0,6548.178571428572,False
GIPCL,2020-02-03,29700.0,82164.19642857143,False
GLAXO,2020-02-03,23755.0,51906.94642857143,False
GLENMARK,2020-02-03,3046904.0,5361217.607142857,False
GMBREW,2020-02-03,32241.0,126662.30357142857,False
GMDCLTD,2020-02-03,406569.0,537919.0178571428,False
GMMPFAUDLR,2020-02-03,36021.0,53347.517857142855,False
GNFC,2020-02-03,443949.0,771130.125,False
GOCLCORP,2020-02-03,4551.0,8272.857142857143,False
GODFRYPHLP,2020-02-03,82232.0,96679.75,False
GODREJAGRO,2020-02-03,148342.0,130749.5,True
GODREJCP,2020-02-03,818578.0,2308742.7678571427,False
GODREJIND,2020-02-03,2612837.0,416172.1964285714,True
GODREJPROP,2020-02-03,1256969.0,496782.9285714286,True
GPPL,2020-02-03,341365.0,469905.48214285716,False
GRANULES,2020-02-03,4913450.0,2088013.1607142857,True
GRAPHITE,2020-02-03,570230.0,696440.2678571428,False
GRASIM,2020-02-03,4735284.0,2889917.5,True
GREAVESCOT,2020-02-03,192117.0,210625.05357142858,False
GREENLAM,2020-02-03,1283.0,7176.142857142857,False
GREENPLY,2020-02-03,84046.0,125055.25,False
GRINDWELL,2020-02-03,9884.0,33504.482142857145,False
GSFC,2020-02-03,379236.0,660540.8035714285,False
GSKCONS,2020-02-28,0.0,26143.214285714286,False
GSPL,2020-02-03,803553.0,660976.5178571428,True
GUJALKALI,2020-02-03,36371.0,124868.875,False
GUJGASLTD,2020-02-03,614106.0,857231.875,False
GULFOILLUB,2020-02-03,7282.0,9674.19642857143,False
HATHWAY,2020-02-03,960484.0,1494058.892857143,False
HATSUN,2020-02-03,7257.0,18878.678571428572,False
HAVELLS,2020-02-03,2029075.0,2304327.6428571427,False
HCLTECH,2020-02-03,4828798.0,6270113.767857143,False
HDFC,2020-02-03,12428419.0,7975904.660714285,True
HDFCBANK,2020-02-03,28012877.0,21246498.285714287,True
HDFCLIFE,2020-02-03,1859456.0,4752053.875,False
HEG,2020-02-03,276076.0,216634.82142857142,True
HEIDELBERG,2020-02-03,772701.0,507553.0,True
HERITGFOOD,2020-02-03,36441.0,38934.375,False
HEROMOTOCO,2020-02-03,1403554.0,1671133.232142857,False
HESTERBIO,2020-02-03,2645.0,16171.17857142857,False
HEXAWARE,2020-02-03,336357.0,556769.3392857143,False
HFCL,2020-02-03,1184275.0,1998869.5,False
HGS,2020-02-03,5723.0,8335.857142857143,False
HIKAL,2020-02-03,68576.0,203532.60714285713,False
HIMATSEIDE,2020-02-03,104982.0,123709.32142857143,False
HINDALCO,2020-02-03,32423355.0,17243102.25,True
HINDPETRO,2020-02-03,3837414.0,7567264.732142857,False
HINDUNILVR,2020-02-03,4261645.0,8496808.589285715,False
HINDZINC,2020-02-03,479648.0,803846.3214285715,False
HNDFDS,2020-02-03,2619.0,7400.535714285715,False
HONAUT,2020-02-03,7707.0,4418.107142857143,True
HONDAPOWER,2020-02-03,6008.0,4805.839285714285,True
HSCL,2020-02-03,998297.0,955221.4107142857,True
HUDCO,2020-02-03,2263739.0,1593467.25,True
IBREALEST,2020-02-03,1870002.0,1853588.392857143,True
IBULHSGFIN,2020-02-03,24535758.0,34106704.28571428,False
IBVENTURES,2020-02-03,2095586.0,927985.1964285715,True
ICICIBANK,2020-02-03,80541990.0,50413209.553571425,True
ICICIGI,2020-02-03,749065.0,729201.7142857143,True
ICICIPRULI,2020-02-03,4320500.0,3618834.910714286,True
ICRA,2020-02-03,676.0,4273.178571428572,False
IEX,2020-02-03,359739.0,799198.8392857143,False
IFBIND,2020-02-03,161515.0,52881.017857142855,True
IGARASHI,2020-02-03,37967.0,110752.26785714286,False
IGL,2020-02-03,3012687.0,3207803.0178571427,False
IIFL,2020-02-03,191694.0,239853.76785714287,False
INDHOTEL,2020-02-03,1159962.0,3051730.75,False
INDIACEM,2020-02-03,5749477.0,4144671.6071428573,True
INDIAGLYCO,2020-02-03,848642.0,287739.83928571426,True
INDIANB,2020-02-03,2656880.0,1822209.4285714286,True
INDIANHUME,2020-02-03,18318.0,80027.10714285714,False
INDUSINDBK,2020-02-03,34413192.0,26584739.07142857,True
INFIBEAM,2020-02-03,242571.0,1730494.7142857143,False
INFRATEL,2020-02-03,6741735.0,9163431.07142857,False
INFY,2020-06-01,9440091.0,9816876.520833334,False
INGERRAND,2020-02-03,2618.0,24981.910714285714,False
INOXLEISUR,2020-02-03,304078.0,786316.9107142857,False
INSECTICID,2020-02-03,89272.0,17157.875,True
IOC,2020-02-03,14313444.0,16384073.625,False
IOLCP,2020-02-03,1092987.0,1307876.0535714286,False
IPCALAB,2020-02-03,656063.0,647987.2321428572,True
IRB,2020-02-03,566526.0,1215927.3392857143,False
IRCON,2020-02-03,672282.0,848306.2857142857,False
ITC,2020-02-03,24546119.0,34199339.33928572,False
ITDC,2020-02-03,9234.0,55699.642857142855,False
ITDCEM,2020-02-03,56378.0,155000.4642857143,False
ITI,2020-02-03,1155936.0,1152241.625,True
JAGRAN,2020-02-03,117886.0,157360.2142857143,False
JAMNAAUTO,2020-02-03,291535.0,983659.5,False
JBCHEPHARM,2020-02-03,102478.0,262943.3035714286,False
JBMA,2020-02-03,5614.0,25590.696428571428,False
JCHAC,2020-02-03,26893.0,13051.232142857143,True
JINDALSAW,2020-02-03,579405.0,715796.9285714285,False
JINDWORLD,2020-02-03,3592.0,67231.46428571429,False
JKCEMENT,2020-02-03,103511.0,100550.30357142857,True
JKIL,2020-02-03,83673.0,190207.5357142857,False
JKLAKSHMI,2020-02-03,1572280.0,331228.0535714286,True
JKPAPER,2020-02-03,1190388.0,1382225.142857143,False
JKTYRE,2020-02-03,302628.0,651864.75,False
JMCPROJECT,2020-02-03,1840775.0,170416.26785714287,True
JMFINANCIL,2020-02-03,877397.0,1098071.9642857143,False
JSL,2020-02-03,167454.0,480483.875,False
JSWENERGY,2020-02-03,6876713.0,1570800.9464285714,True
JSWHL,2020-02-03,973.0,685.1428571428571,True
JSWSTEEL,2020-02-03,20403214.0,11281522.94642857,True
JTEKTINDIA,2020-02-03,80297.0,234150.51785714287,False
JUBILANT,2020-02-03,193451.0,339117.0714285714,False
JUBLFOOD,2020-02-03,1123282.0,1610923.5892857143,False
JUSTDIAL,2020-02-03,1027109.0,3309546.6071428573,False
JYOTHYLAB,2020-02-03,260781.0,339149.16071428574,False
KAJARIACER,2020-02-03,615643.0,366796.83928571426,True
KALPATPOWR,2020-02-03,726870.0,380530.91071428574,True
KANSAINER,2020-02-03,494488.0,369353.6964285714,True
KARURVYSYA,2020-02-03,431548.0,1018757.7678571428,False
KCP,2020-02-03,145047.0,141820.39285714287,True
KEC,2020-02-03,442083.0,512986.8214285714,False
KEI,2020-02-03,106366.0,206249.42857142858,False
KENNAMET,2020-02-03,527.0,5525.214285714285,False
KIOCL,2020-02-03,3040.0,15413.660714285714,False
KIRIINDUS,2020-02-03,25643.0,82284.10714285714,False
KIRLFER,2020-02-03,4148.0,19049.964285714286,False
KIRLOSBROS,2020-02-03,35118.0,32961.25,True
KIRLOSENG,2020-02-03,20430.0,21259.428571428572,False
KITEX,2020-02-03,40566.0,122296.98214285714,False
KKCL,2020-02-03,740.0,1929.517857142857,False
KNRCON,2020-02-03,64108.0,275189.5714285714,False
KOLTEPATIL,2020-02-03,25099.0,72913.17857142857,False
KOTAKBANK,2020-02-03,11745366.0,6955682.232142857,True
KPRMILL,2020-02-03,7596.0,11914.392857142857,False
KRBL,2020-02-03,71698.0,324783.64285714284,False
KSB,2020-02-03,11106.0,26741.75,False
KSCL,2020-02-03,247947.0,133974.51785714287,True
KSL,2020-02-03,167144.0,57221.53571428572,True
KTKBANK,2020-02-03,1914270.0,1568755.4464285714,True
L&TFH,2020-02-03,20973650.0,17052606.410714287,True
LALPATHLAB,2020-02-03,53203.0,205167.14285714287,False
LAOPALA,2020-02-03,26469.0,104564.39285714286,False
LAURUSLABS,2020-02-03,438224.0,1024976.9464285715,False
LAXMIMACH,2020-02-03,5306.0,8603.785714285714,False
LGBBROSLTD,2020-02-03,12921.0,29052.553571428572,False
LICHSGFIN,2020-02-03,8443130.0,5587750.160714285,True
LINDEINDIA,2020-02-03,18598.0,39017.05357142857,False
LT,2020-02-03,5159287.0,5901969.0,False
LTI,2020-02-03,113020.0,153688.2142857143,False
LTTS,2020-02-03,71847.0,142319.69642857142,False
LUMAXIND,2020-02-03,3114.0,4376.339285714285,False
LUXIND,2020-02-03,47197.0,55482.07142857143,False
M&M,2020-02-03,7591278.0,7470443.821428572,True
M&MFIN,2020-02-03,13150518.0,8076639.0,True
MAHINDCIE,2020-02-03,34153.0,159618.82142857142,False
MAHLIFE,2020-02-03,15527.0,40354.96428571428,False
MAHSCOOTER,2020-02-03,9249.0,9059.964285714286,True
MAHSEAMLES,2020-02-03,37576.0,95338.0,False
MAITHANALL,2020-02-03,11434.0,27895.39285714286,False
MANAPPURAM,2020-02-03,15178428.0,11607333.142857144,True
MARICO,2020-02-03,3061553.0,4075215.125,False
MARUTI,2020-02-03,1534655.0,1779112.0357142857,False
MASFIN,2020-02-03,3912.0,23934.928571428572,False
MAYURUNIQ,2020-02-03,11864.0,53113.80357142857,False
MCDOWELL-N,2020-02-03,2987301.0,4065471.5714285714,False
MCX,2020-02-03,439235.0,390006.58928571426,True
MEGH,2020-02-03,5452874.0,1028563.7678571428,True
METROPOLIS,2020-02-03,116675.0,224789.6607142857,False
MFSL,2020-02-03,3414848.0,2532580.785714286,True
MGL,2020-02-03,606882.0,739013.2142857143,False
MHRIL,2020-02-03,139702.0,81446.80357142857,True
MINDACORP,2020-02-03,301309.0,367844.8214285714,False
MINDAIND,2020-02-03,89707.0,256811.39285714287,False
MINDTREE,2020-02-03,721522.0,1026703.0714285715,False
MMTC,2020-02-03,4834846.0,805999.1428571428,True
MOIL,2020-02-03,470257.0,491932.1964285714,False
MOTHERSUMI,2020-02-03,20230397.0,24211460.76785714,False
MOTILALOFS,2020-02-03,307799.0,136070.2142857143,True
MPHASIS,2020-02-03,268756.0,415975.41071428574,False
MRF,2020-02-03,5430.0,12923.607142857143,False
MUTHOOTFIN,2020-02-03,2408770.0,2428483.5535714286,False
NAM-INDIA,2020-02-03,528816.0,2292085.089285714,False
NATCOPHARM,2020-02-03,519917.0,334447.39285714284,True
NATIONALUM,2020-02-03,8999848.0,10792648.0,False
NAVINFLUOR,2020-02-03,99675.0,213619.625,False
NAVNETEDUL,2020-02-03,109994.0,114257.78571428571,False
NBCC,2020-02-03,3354852.0,8659728.55357143,False
NBVENTURES,2020-02-03,51764.0,130472.67857142857,False
NCC,2020-02-03,12851086.0,28232497.85714286,False
NEOGEN,2020-02-03,16974.0,18965.660714285714,False
NESCO,2020-02-03,28358.0,75349.48214285714,False
NESTLEIND,2020-02-03,167533.0,181361.9642857143,False
NEWGEN,2020-02-03,65301.0,71029.625,False
NFL,2020-02-03,214964.0,791329.5535714285,False
NH,2020-02-03,272863.0,457884.5,False
NHPC,2020-02-03,4245584.0,8922446.5,False
NIITLTD,2020-02-03,1299108.0,777490.0535714285,True
NIITTECH,2020-02-03,650710.0,774005.8214285715,False
NILKAMAL,2020-02-03,3516.0,13375.232142857143,False
NLCINDIA,2020-02-03,996114.0,1027007.6607142857,False
NMDC,2020-02-03,3460335.0,7316540.339285715,False
NOCIL,2020-02-03,1846270.0,2096661.75,False
NRBBEARING,2020-02-03,27048.0,167361.19642857142,False
NTPC,2020-02-03,11684730.0,23339999.35714286,False
NUCLEUS,2020-02-03,91209.0,60061.232142857145,True
OBEROIRLTY,2020-02-03,578827.0,537740.3392857143,True
OCCL,2020-02-03,3301.0,7587.767857142857,False
OFSS,2020-02-03,108899.0,58330.03571428572,True
OIL,2020-02-03,1222328.0,3174641.9464285714,False
OMAXE,2020-02-03,506626.0,256295.82142857142,True
ONGC,2020-02-03,11655865.0,36177444.01785714,False
ORIENTBANK,2019-12-20,1038334.0,1293346.9836065574,False
ORIENTCEM,2020-02-03,1342980.0,430025.16071428574,True
ORIENTREF,2020-02-03,8552.0,73594.19642857143,False
PAGEIND,2020-02-03,52413.0,37833.75,True
PAISALO,2020-02-03,858.0,38422.125,False
PAPERPROD,2020-02-03,35062.0,74005.39285714286,False
PARAGMILK,2020-02-03,79568.0,399968.58928571426,False
PDSMFL,2020-02-03,2383.0,4765.875,False
PEL,2020-02-03,1940711.0,2575281.285714286,False
PERSISTENT,2020-02-03,582241.0,126058.10714285714,True
PETRONET,2020-02-03,1474532.0,3771869.7678571427,False
PFC,2020-02-03,9029660.0,6842235.660714285,True
PFIZER,2020-02-03,30148.0,76654.41071428571,False
PFS,2020-02-03,225261.0,563058.5535714285,False
PGHH,2020-02-03,5675.0,6910.642857142857,False
PGHL,2020-02-03,19636.0,16719.76785714286,True
PHILIPCARB,2020-02-03,303348.0,497714.21428571426,False
PHOENIXLTD,2020-02-03,193443.0,204198.2142857143,False
PIDILITIND,2020-02-03,571770.0,1039538.3214285715,False
PIIND,2020-02-03,228867.0,191250.4107142857,True
PILANIINVS,2020-02-03,744.0,2188.6785714285716,False
PNBHOUSING,2020-02-03,160162.0,600732.6071428572,False
PNCINFRA,2020-02-03,40632.0,222151.35714285713,False
POLYCAB,2020-02-03,183494.0,215585.05357142858,False
POLYMED,2020-02-03,211211.0,99532.75,True
POLYPLEX,2020-02-03,82555.0,72897.75,True
POWERGRID,2020-02-03,12743485.0,15948609.107142856,False
PRABHAT,2020-02-03,32746.0,27564.428571428572,True
PRAJIND,2020-02-03,1302841.0,1320036.0535714286,False
PRESTIGE,2020-02-03,741010.0,618889.0535714285,True
PRSMJOHNSN,2020-02-03,337318.0,242431.75,True
PSPPROJECT,2020-02-03,3944.0,25881.089285714286,False
PTC,2020-02-03,1220395.0,789612.0892857143,True
PURVA,2020-02-03,60331.0,75888.67857142857,False
PVR,2020-02-03,3028131.0,2133701.75,True
QUESS,2020-02-03,459027.0,398588.14285714284,True
RADICO,2020-02-03,737303.0,895419.6785714285,False
RAIN,2020-02-03,923768.0,1112382.3035714286,False
RAJESHEXPO,2020-02-03,43147.0,79749.53571428571,False
RALLIS,2020-02-03,1068255.0,601198.4642857143,True
RAMCOCEM,2020-02-03,1044581.0,831888.0714285715,True
RAMCOIND,2020-02-03,71351.0,61473.08928571428,True
RATNAMANI,2020-02-03,13171.0,18163.053571428572,False
RAYMOND,2020-02-03,162602.0,316632.625,False
RBLBANK,2020-02-03,34808608.0,30439197.839285713,True
RCF,2020-02-03,1385580.0,2632554.6428571427,False
RECLTD,2020-02-03,6261631.0,7997469.482142857,False
REDINGTON,2020-02-03,517176.0,588383.6909090909,False
RELAXO,2020-02-03,173169.0,265872.21428571426,False
RELIANCE,2020-02-03,16460756.0,24213241.48214286,False
REPCOHOME,2020-02-03,160443.0,157558.0357142857,True
RESPONIND,2020-02-03,108294.0,96885.44642857143,True
RSYSTEMS,2020-02-03,4285.0,30155.625,False
RUPA,2020-02-03,9779.0,28965.64285714286,False
RVNL,2020-02-03,4185932.0,4912778.696428572,False
SAFARI,2020-02-03,6391.0,7628.339285714285,False
SAIL,2020-02-03,44969019.0,27739138.589285713,True
SANDHAR,2020-02-03,5904.0,12842.160714285714,False
SANOFI,2020-02-03,35955.0,47844.357142857145,False
SASKEN,2020-02-03,11659.0,21512.98214285714,False
SATIA,2020-02-03,31844.0,16853.60714285714,True
SBILIFE,2020-02-03,682804.0,1488364.875,False
SBIN,2020-02-03,88195120.0,73316174.5,True
SCHAEFFLER,2020-02-03,102489.0,10130.660714285714,True
SEAMECLTD,2020-02-03,3708.0,10712.892857142857,False
SEQUENT,2020-02-03,681536.0,669641.0357142857,True
SESHAPAPER,2020-02-03,6029.0,38014.857142857145,False
SFL,2020-02-03,4835.0,8538.839285714286,False
SHANKARA,2020-02-03,19583.0,36114.66071428572,False
SHANTIGEAR,2020-02-03,18490.0,52685.42857142857,False
SHARDACROP,2020-02-03,16086.0,43726.392857142855,False
SHILPAMED,2020-02-03,19280.0,43074.19642857143,False
SHK,2020-02-03,810946.0,364272.4285714286,True
SHREECEM,2020-02-03,81015.0,73947.33928571429,True
SHRIRAMCIT,2020-02-03,5081.0,15192.357142857143,False
SIEMENS,2020-02-03,502716.0,554405.7321428572,False
SIS,2020-02-03,143926.0,65660.55357142857,True
SIYSIL,2020-02-03,40587.0,66992.57142857143,False
SJVN,2020-02-03,289633.0,1752756.7142857143,False
SKFINDIA,2020-02-03,4719.0,38249.892857142855,False
SOBHA,2020-02-03,69188.0,396976.73214285716,False
SOLARINDS,2020-02-03,9721.0,28952.875,False
SOMANYCERA,2020-02-03,36058.0,71356.80357142857,False
SONATSOFTW,2020-02-03,101153.0,268277.8214285714,False
SOTL,2020-02-03,639.0,2002.517857142857,False
SOUTHBANK,2020-02-03,10719170.0,11937039.089285715,False
SRF,2020-02-03,100304.0,293779.8214285714,False
SRTRANSFIN,2020-02-03,6954282.0,4915210.625,True
SSWL,2020-02-03,8760.0,8464.607142857143,True
STAR,2020-02-03,764350.0,896509.6785714285,False
STARCEMENT,2020-02-03,131435.0,289294.4285714286,False
STRTECH,2020-02-03,833323.0,1993984.9285714286,False
SUBROS,2020-02-03,34779.0,127844.75,False
SUDARSCHEM,2020-02-03,436827.0,201213.92857142858,True
SUNCLAYLTD,2020-02-03,507.0,1222.142857142857,False
SUNDARMFIN,2020-02-03,48109.0,100229.19642857143,False
SUNDRMFAST,2020-02-03,65989.0,164161.80357142858,False
SUNPHARMA,2020-02-03,13253937.0,14225492.375,False
SUNTECK,2020-02-03,209060.0,199369.05357142858,True
SUNTV,2020-02-03,3094912.0,2543874.285714286,True
SUPPETRO,2020-02-03,13105.0,90440.96428571429,False
SUPRAJIT,2020-02-03,135619.0,234019.9107142857,False
SUPREMEIND,2020-02-03,55804.0,99643.71428571429,False
SWARAJENG,2020-02-03,10372.0,4698.071428571428,True
SYMPHONY,2020-02-03,43100.0,37379.55357142857,True
SYNGENE,2020-02-03,328918.0,392140.0,False
TAJGVK,2020-02-03,35538.0,83376.07142857143,False
TAKE,2020-02-03,110281.0,92417.60714285714,True
TASTYBITE,2020-02-03,1349.0,1739.7857142857142,False
TATACHEM,2020-02-03,2281434.0,2188035.125,True
TATACOFFEE,2020-02-03,921542.0,600174.7321428572,True
TATACONSUM,2020-02-03,921542.0,600174.7321428572,True
TATAELXSI,2020-02-03,356019.0,540397.3214285715,False
TATAINVEST,2020-02-03,32157.0,25380.64285714286,True
TATAMETALI,2020-02-03,166492.0,28849.64285714286,True
TATAPOWER,2020-02-03,41541291.0,20524194.17857143,True
TATASTEEL,2020-02-03,14007462.0,16079449.94642857,False
TCI,2020-02-03,8688.0,51877.21428571428,False
TCS,2020-02-03,3482160.0,4628367.589285715,False
TEAMLEASE,2020-02-03,16380.0,15905.357142857143,True
TECHM,2020-02-03,2265885.0,4650276.964285715,False
TEXRAIL,2020-02-03,55284.0,257013.125,False
THERMAX,2020-02-03,39908.0,142568.94642857142,False
THOMASCOOK,2020-02-03,395929.0,332299.1964285714,True
THYROCARE,2020-02-03,56179.0,208989.51785714287,False
TIDEWATER,2020-02-03,847.0,1957.7857142857142,False
TIMETECHNO,2020-02-03,144746.0,199195.375,False
TIMKEN,2020-02-03,58422.0,45106.625,True
TINPLATE,2020-02-03,108883.0,230335.19642857142,False
TITAN,2020-02-03,3925259.0,3911230.0535714286,True
TNPL,2020-02-03,62002.0,357058.0535714286,False
TORNTPHARM,2020-02-03,2379157.0,716325.9464285715,True
TORNTPOWER,2020-02-03,1038328.0,1570395.0535714286,False
TRENT,2020-02-03,261854.0,561140.5,False
TRIDENT,2020-02-03,1979015.0,5812514.875,False
TRITURBINE,2020-02-03,20066.0,104170.30357142857,False
TRIVENI,2020-02-03,1003371.0,528832.9464285715,True
TTKPRESTIG,2020-02-03,2282.0,7373.732142857143,False
TV18BRDCST,2020-02-03,1198945.0,4126747.1428571427,False
TVSMOTOR,2020-02-03,4252529.0,3463232.0535714286,True
TVSSRICHAK,2020-02-03,181636.0,23731.39285714286,True
TVTODAY,2020-02-03,14377.0,39301.232142857145,False
UBL,2020-02-03,577558.0,746943.4285714285,False
UFLEX,2020-02-03,166158.0,125664.92857142857,True
ULTRACEMCO,2020-02-03,826874.0,732673.9642857143,True
UNITEDBNK,2019-12-20,760551.0,549715.9016393443,True
UPL,2020-02-03,15176090.0,6764706.0,True
VAIBHAVGBL,2020-02-03,6968.0,15833.5,False
VAKRANGEE,2020-02-03,728714.0,1807861.392857143,False
VBL,2020-02-03,142765.0,274499.9285714286,False
VEDL,2020-02-03,17368542.0,37131251.66071428,False
VENKEYS,2020-02-03,22674.0,81155.89285714286,False
VESUVIUS,2020-02-03,1096.0,4323.946428571428,False
VGUARD,2020-02-03,289841.0,426876.73214285716,False
VINATIORGA,2020-02-03,64057.0,113537.76785714286,False
VINDHYATEL,2020-02-03,7742.0,15181.517857142857,False
VIPIND,2020-02-03,2633375.0,482238.16071428574,True
VISHAL,2020-02-03,17695.0,986.4821428571429,True
VMART,2020-02-03,3690.0,31522.23214285714,False
VOLTAMP,2020-02-03,2913.0,7900.535714285715,False
VOLTAS,2020-02-03,3177253.0,2379702.839285714,True
VRLLOG,2020-02-03,16711.0,48324.0,False
VSTIND,2020-02-03,15537.0,16964.178571428572,False
VSTTILLERS,2020-02-03,1960.0,10097.42857142857,False
VTL,2020-02-03,8545.0,26226.696428571428,False
WABCOINDIA,2020-02-03,4399.0,9974.92857142857,False
WELENT,2020-02-03,80676.0,248986.89285714287,False
WELSPUNIND,2020-02-03,477926.0,1187843.267857143,False
WESTLIFE,2020-02-03,310237.0,280420.96428571426,True
WHEELS,2020-02-03,1574.0,6504.875,False
WHIRLPOOL,2020-02-03,35569.0,86803.75,False
WIPRO,2020-02-03,18082968.0,6487157.946428572,True
WONDERLA,2020-02-03,1196727.0,84709.91071428571,True
WSTCSTPAPR,2020-02-03,31755.0,57878.892857142855,False
ZEEL,2020-02-03,14838385.0,19646774.25,False
ZENSARTECH,2020-02-03,148506.0,165166.89285714287,False
ZYDUSWELL,2020-02-03,15843.0,37608.41071428572,False
